Country,Region,Gender,Age,Height_cm,Weight_kg,Foot_Length_cm,Foot_Width_cm,Size_EU,Size_US,Size_UK,Size_JP_mm,Size_CN
Netherlands,Europe,Female,31,161.2,56.4,25.9,9.1,41.0,10.5,7.5,260,51.0
India,Asia,Female,36,154.5,43.9,21.8,8.4,34.5,5.0,2.5,220,44.5
South Korea,Asia,Female,24,164.0,46.6,23.9,8.7,38.0,7.5,4.5,240,48.0
India,Asia,Male,38,168.8,76.5,24.3,8.7,39.0,7.0,6.0,255,48.5
Italy,Europe,Female,61,173.9,91.6,24.9,8.3,39.5,9.0,6.0,250,49.5
South Korea,Asia,Female,21,170.3,48.0,20.9,7.9,34.0,5.0,2.5,220,43.5
India,Asia,Male,29,161.5,76.5,25.5,9.7,40.5,9.0,7.0,255,50.5
UK,Europe,Female,16,168.8,79.5,23.9,8.9,38.0,7.5,4.5,240,48.0
New Zealand,Australia & Oceania,Male,17,190.7,59.7,26.8,10.0,42.5,11.0,9.0,270,52.5
Canada,North America,Female,28,155.6,63.7,25.4,9.2,40.0,9.5,6.5,255,50.0
Australia,Australia & Oceania,Male,16,184.8,67.8,26.5,9.6,41.5,10.0,8.0,265,51.5
USA,North America,Male,28,187.9,126.7,28.7,10.1,45.0,13.5,11.5,285,55.0
India,Asia,Male,25,176.4,73.2,25.8,9.7,40.5,9.0,7.0,255,50.5
Nigeria,Africa & Middle East,Female,18,162.2,50.1,24.9,9.3,39.5,9.0,6.0,250,49.5
Egypt,Africa & Middle East,Male,36,173.0,75.4,25.2,9.3,39.5,8.0,6.0,255,49.5
New Zealand,Australia & Oceania,Female,37,163.6,84.4,26.7,9.3,42.0,11.5,8.5,265,52.0
Germany,Europe,Male,31,174.9,102.4,28.5,10.2,45.0,13.5,11.5,285,55.0
New Zealand,Australia & Oceania,Female,29,169.8,64.8,24.1,8.8,38.0,7.5,4.5,240,48.0
Vietnam,Asia,Female,19,159.9,79.0,22.6,8.8,36.0,5.5,2.5,225,46.0
Germany,Europe,Male,29,178.8,85.5,24.6,8.9,39.0,7.5,6.0,255,49.0
Japan,Asia,Male,24,170.3,72.2,26.9,10.2,42.5,11.0,9.0,270,52.5
Mexico,North America,Female,37,157.7,68.6,23.9,8.5,38.0,7.5,4.5,240,48.0
France,Europe,Male,26,176.6,94.3,25.5,9.2,40.5,9.0,7.0,255,50.5
Germany,Europe,Female,17,164.2,82.6,24.7,8.6,39.0,8.5,5.5,245,49.0
Canada,North America,Female,16,161.7,85.1,25.5,9.2,40.5,10.0,7.0,255,50.5
Canada,North America,Female,27,173.7,70.0,24.3,9.0,38.5,8.0,5.0,245,48.5
USA,North America,Male,20,177.1,79.7,24.3,9.2,39.0,7.0,6.0,255,48.5
South Africa,Africa & Middle East,Female,38,153.3,82.2,26.0,9.8,41.0,10.5,7.5,260,51.0
New Zealand,Australia & Oceania,Female,33,172.1,40.4,26.0,9.4,41.0,10.5,7.5,260,51.0
South Africa,Africa & Middle East,Male,37,167.6,70.5,26.4,10.0,41.5,10.0,8.0,265,51.5
Spain,Europe,Male,30,175.2,69.5,28.4,10.2,44.5,13.0,11.0,285,54.5
USA,North America,Female,31,154.4,93.5,26.8,9.4,42.0,11.5,8.5,265,52.0
China,Asia,Male,32,171.3,68.0,25.3,9.2,40.0,8.5,6.5,255,50.0
Italy,Europe,Female,16,159.7,53.5,24.6,8.7,39.0,8.5,5.5,245,49.0
UK,Europe,Male,17,182.6,54.9,26.6,9.9,42.0,10.5,8.5,265,52.0
USA,North America,Female,38,168.7,50.7,24.6,9.1,39.0,8.5,5.5,245,49.0
South Korea,Asia,Female,30,163.7,51.1,22.2,8.0,35.5,5.0,2.5,225,45.5
Japan,Asia,Male,45,168.2,49.5,24.1,9.1,39.0,7.0,6.0,255,48.0
New Zealand,Australia & Oceania,Female,42,171.5,78.3,23.2,8.4,37.0,6.5,3.5,235,47.0
USA,North America,Male,16,167.9,85.5,27.6,10.6,43.5,12.0,10.0,275,53.5
Netherlands,Europe,Male,28,182.2,99.3,27.4,10.1,43.0,11.5,9.5,275,53.0
Mexico,North America,Male,47,167.6,100.4,26.5,10.3,42.0,10.5,8.5,265,52.0
France,Europe,Male,23,180.8,81.9,25.6,9.5,40.5,9.0,7.0,255,50.5
Kenya,Africa & Middle East,Female,41,149.6,69.3,24.5,8.8,38.5,8.0,5.0,245,48.5
UK,Europe,Male,32,173.8,90.4,27.6,10.0,43.5,12.0,10.0,275,53.5
UK,Europe,Male,27,168.5,72.9,27.2,10.2,43.0,11.5,9.5,275,53.0
South Africa,Africa & Middle East,Male,25,168.3,90.6,25.1,9.2,39.5,8.0,6.0,255,49.5
China,Asia,Male,28,167.8,54.0,24.8,9.1,39.0,7.5,6.0,255,49.0
UK,Europe,Female,40,157.2,58.3,25.7,9.6,40.5,10.0,7.0,255,50.5
Australia,Australia & Oceania,Male,41,184.6,76.2,29.1,10.5,45.5,14.0,12.0,290,55.5
Vietnam,Asia,Male,28,171.1,86.1,26.1,10.1,41.0,9.5,7.5,260,51.0
Australia,Australia & Oceania,Female,47,173.3,50.8,25.4,9.2,40.0,9.5,6.5,255,50.0
Germany,Europe,Male,41,180.9,111.8,28.9,10.5,45.5,14.0,12.0,290,55.5
Japan,Asia,Male,24,170.2,75.5,25.0,9.8,39.5,8.0,6.0,255,49.5
Mexico,North America,Male,29,165.8,101.3,27.7,10.0,43.5,12.0,10.0,275,53.5
USA,North America,Male,24,181.4,78.1,26.5,9.6,41.5,10.0,8.0,265,51.5
South Korea,Asia,Male,29,170.5,76.3,24.9,9.7,39.5,8.0,6.0,255,49.5
USA,North America,Male,46,184.0,118.1,29.1,11.3,45.5,14.0,12.0,290,55.5
Mexico,North America,Female,30,164.4,55.8,25.1,8.7,39.5,9.0,6.0,250,49.5
New Zealand,Australia & Oceania,Male,27,181.9,88.3,27.6,10.0,43.5,12.0,10.0,275,53.5
Netherlands,Europe,Male,48,177.0,93.8,27.5,9.5,43.5,12.0,10.0,275,53.5
Mexico,North America,Male,29,172.5,108.2,28.6,10.8,45.0,13.5,11.5,285,55.0
Japan,Asia,Male,47,171.3,61.5,25.3,9.4,40.0,8.5,6.5,255,50.0
USA,North America,Female,29,159.2,84.6,25.0,8.7,39.5,9.0,6.0,250,49.5
Vietnam,Asia,Male,31,159.1,70.9,24.4,9.3,39.0,7.0,6.0,255,48.5
Japan,Asia,Female,47,165.3,59.4,21.7,8.0,34.5,5.0,2.5,220,44.5
Japan,Asia,Male,16,164.1,63.3,24.4,9.4,39.0,7.0,6.0,255,48.5
Australia,Australia & Oceania,Female,39,163.5,66.2,24.8,8.4,39.0,8.5,5.5,245,49.0
USA,North America,Male,51,165.4,70.5,26.3,9.4,41.5,10.0,8.0,265,51.5
India,Asia,Male,41,172.1,85.5,24.4,8.8,39.0,7.0,6.0,255,48.5
USA,North America,Male,31,164.6,78.6,26.6,9.3,42.0,10.5,8.5,265,52.0
Netherlands,Europe,Female,43,168.8,92.2,24.5,9.0,39.0,8.5,5.5,245,49.0
Thailand,Asia,Male,48,169.5,62.5,25.9,9.5,41.0,9.5,7.5,260,51.0
India,Asia,Female,49,157.8,61.5,24.0,9.1,38.0,7.5,4.5,240,48.0
Germany,Europe,Male,26,179.8,93.6,25.9,9.9,41.0,9.5,7.5,260,51.0
France,Europe,Male,23,177.2,115.3,27.2,9.2,43.0,11.5,9.5,275,53.0
South Korea,Asia,Male,43,168.5,84.0,26.1,10.2,41.0,9.5,7.5,260,51.0
USA,North America,Male,17,177.7,72.9,28.0,10.7,44.0,12.5,10.5,280,54.0
South Korea,Asia,Male,57,173.6,65.6,24.2,9.0,39.0,7.0,6.0,255,48.0
Spain,Europe,Male,22,172.7,74.8,27.9,10.1,44.0,12.5,10.5,280,54.0
Vietnam,Asia,Female,33,161.4,53.5,24.0,8.2,38.0,7.5,4.5,240,48.0
Canada,North America,Male,38,159.2,107.5,28.6,10.5,45.0,13.5,11.5,285,55.0
Spain,Europe,Male,34,169.7,85.2,26.2,9.8,41.5,10.0,8.0,265,51.5
Mexico,North America,Male,32,176.3,87.2,26.9,10.5,42.5,11.0,9.0,270,52.5
Spain,Europe,Male,16,187.5,75.8,26.0,9.7,41.0,9.5,7.5,260,51.0
Japan,Asia,Male,40,183.8,69.9,23.9,9.3,39.0,7.0,6.0,255,48.0
South Africa,Africa & Middle East,Female,51,166.6,61.6,22.7,8.4,36.0,5.5,2.5,225,46.0
China,Asia,Female,31,157.0,55.1,23.1,7.9,36.5,6.0,3.0,230,46.5
Thailand,Asia,Female,43,157.2,78.6,23.2,8.2,37.0,6.5,3.5,235,47.0
France,Europe,Male,34,168.0,106.6,26.2,9.8,41.5,10.0,8.0,265,51.5
UK,Europe,Male,33,181.5,75.3,25.2,9.4,40.0,8.5,6.5,255,50.0
Italy,Europe,Female,40,160.6,67.1,24.2,8.7,38.5,8.0,5.0,245,48.5
Netherlands,Europe,Female,35,161.8,69.1,25.6,9.1,40.5,10.0,7.0,255,50.5
Mexico,North America,Female,29,160.4,97.9,26.6,9.9,42.0,11.5,8.5,265,52.0
South Korea,Asia,Female,37,150.7,38.0,23.9,8.4,38.0,7.5,4.5,240,48.0
Netherlands,Europe,Female,22,160.6,61.7,24.3,8.4,38.5,8.0,5.0,245,48.5
South Korea,Asia,Female,35,147.0,44.9,22.3,8.4,35.5,5.0,2.5,225,45.5
USA,North America,Male,48,171.8,85.5,25.7,10.1,40.5,9.0,7.0,255,50.5
Canada,North America,Male,28,165.7,87.1,26.0,9.3,41.0,9.5,7.5,260,51.0
Australia,Australia & Oceania,Male,39,185.2,99.8,28.3,10.5,44.5,13.0,11.0,285,54.5
South Korea,Asia,Female,16,158.3,75.2,23.6,8.7,37.5,7.0,4.0,235,47.5
UK,Europe,Male,22,177.6,93.0,26.5,9.6,42.0,10.5,8.5,265,52.0
South Africa,Africa & Middle East,Male,22,169.1,59.0,26.3,9.7,41.5,10.0,8.0,265,51.5
Netherlands,Europe,Male,25,183.7,86.9,27.2,9.8,43.0,11.5,9.5,275,53.0
India,Asia,Male,32,171.7,71.1,24.7,8.8,39.0,7.5,6.0,255,49.0
Thailand,Asia,Male,21,171.2,69.2,24.7,9.1,39.0,7.5,6.0,255,49.0
Thailand,Asia,Male,27,162.1,73.6,27.8,10.2,43.5,12.0,10.0,275,53.5
Nigeria,Africa & Middle East,Female,30,164.1,38.7,24.2,8.7,38.5,8.0,5.0,245,48.5
Mexico,North America,Female,24,155.5,71.0,24.2,8.9,38.5,8.0,5.0,245,48.5
Egypt,Africa & Middle East,Male,16,173.6,69.1,27.8,9.8,44.0,12.5,10.5,280,54.0
Netherlands,Europe,Female,31,160.8,71.4,26.6,9.2,42.0,11.5,8.5,265,52.0
New Zealand,Australia & Oceania,Male,36,181.0,71.9,28.3,10.5,44.5,13.0,11.0,285,54.5
Egypt,Africa & Middle East,Female,29,155.4,51.1,24.2,8.9,38.5,8.0,5.0,245,48.5
Australia,Australia & Oceania,Male,19,175.0,60.9,26.8,10.1,42.0,10.5,8.5,265,52.0
Mexico,North America,Male,33,184.2,66.3,26.9,10.2,42.5,11.0,9.0,270,52.5
Italy,Europe,Female,29,167.7,50.8,24.9,9.0,39.5,9.0,6.0,250,49.5
Canada,North America,Female,36,163.2,69.0,26.1,9.3,41.0,10.5,7.5,260,51.0
Nigeria,Africa & Middle East,Female,34,167.2,40.0,24.2,8.6,38.0,7.5,4.5,240,48.0
Vietnam,Asia,Male,43,179.0,53.4,26.5,9.5,41.5,10.0,8.0,265,51.5
Italy,Europe,Male,42,179.0,72.7,26.9,9.9,42.5,11.0,9.0,270,52.5
Australia,Australia & Oceania,Female,20,157.8,61.4,26.7,9.5,42.0,11.5,8.5,265,52.0
France,Europe,Female,32,169.5,70.7,25.3,9.1,40.0,9.5,6.5,255,50.0
Vietnam,Asia,Female,21,160.9,67.5,23.9,9.2,38.0,7.5,4.5,240,48.0
UK,Europe,Male,16,167.1,85.3,27.2,10.0,43.0,11.5,9.5,275,53.0
Mexico,North America,Female,38,153.6,81.5,24.1,8.8,38.0,7.5,4.5,240,48.0
Japan,Asia,Male,37,170.8,61.8,25.7,9.9,40.5,9.0,7.0,255,50.5
Vietnam,Asia,Male,41,164.0,84.5,26.0,9.7,41.0,9.5,7.5,260,51.0
Netherlands,Europe,Female,40,176.7,67.5,25.2,8.9,40.0,9.5,6.5,255,50.0
Australia,Australia & Oceania,Female,36,163.7,78.9,25.3,9.3,40.0,9.5,6.5,255,50.0
China,Asia,Female,41,157.6,55.1,24.0,8.6,38.0,7.5,4.5,240,48.0
Japan,Asia,Male,57,173.5,76.0,24.9,9.8,39.5,8.0,6.0,255,49.5
New Zealand,Australia & Oceania,Male,16,175.1,85.5,28.5,10.6,45.0,13.5,11.5,285,55.0
Spain,Europe,Male,29,183.6,62.3,27.3,10.2,43.0,11.5,9.5,275,53.0
Kenya,Africa & Middle East,Female,40,166.4,54.7,24.5,9.1,39.0,8.5,5.5,245,49.0
Italy,Europe,Female,16,155.2,91.4,25.5,8.9,40.5,10.0,7.0,255,50.5
USA,North America,Male,52,183.1,90.1,28.3,10.3,44.5,13.0,11.0,285,54.5
Mexico,North America,Male,40,177.2,94.5,25.0,9.7,39.5,8.0,6.0,255,49.5
USA,North America,Female,43,152.0,64.3,24.5,9.1,38.5,8.0,5.0,245,48.5
Mexico,North America,Male,27,170.0,108.5,29.3,11.1,46.0,14.5,12.5,295,56.0
Canada,North America,Male,16,175.4,128.5,25.2,9.7,39.5,8.0,6.0,255,49.5
Canada,North America,Male,16,176.7,87.7,25.5,9.3,40.0,8.5,6.5,255,50.0
Mexico,North America,Female,25,160.5,96.4,25.8,9.3,40.5,10.0,7.0,255,50.5
China,Asia,Female,41,166.2,64.4,23.9,8.8,38.0,7.5,4.5,240,48.0
UK,Europe,Male,31,184.4,97.3,26.9,9.8,42.5,11.0,9.0,270,52.5
New Zealand,Australia & Oceania,Female,19,173.1,62.1,25.2,8.8,40.0,9.5,6.5,255,50.0
Egypt,Africa & Middle East,Male,16,187.6,88.4,27.5,10.3,43.5,12.0,10.0,275,53.5
Australia,Australia & Oceania,Male,27,177.0,99.7,27.0,10.2,42.5,11.0,9.0,270,52.5
Mexico,North America,Female,46,168.6,81.2,25.1,8.9,39.5,9.0,6.0,250,49.5
Australia,Australia & Oceania,Male,39,178.7,78.7,29.0,10.8,45.5,14.0,12.0,290,55.5
Netherlands,Europe,Male,26,173.7,78.4,25.6,9.8,40.5,9.0,7.0,255,50.5
China,Asia,Male,16,168.9,66.2,26.4,10.1,41.5,10.0,8.0,265,51.5
USA,North America,Female,30,166.1,79.8,26.2,9.2,41.5,11.0,8.0,265,51.5
South Africa,Africa & Middle East,Female,24,154.8,68.2,25.5,9.6,40.5,10.0,7.0,255,50.5
France,Europe,Female,33,166.1,81.6,24.4,8.7,38.5,8.0,5.0,245,48.5
Saudi Arabia,Africa & Middle East,Male,17,166.5,82.8,26.9,10.1,42.5,11.0,9.0,270,52.5
Germany,Europe,Female,29,162.4,70.8,26.7,10.1,42.0,11.5,8.5,265,52.0
UK,Europe,Male,16,175.4,93.2,28.7,10.6,45.0,13.5,11.5,285,55.0
Vietnam,Asia,Female,34,167.2,43.7,23.6,8.6,37.5,7.0,4.0,235,47.5
Mexico,North America,Male,34,189.1,84.5,26.9,9.8,42.5,11.0,9.0,270,52.5
New Zealand,Australia & Oceania,Female,48,162.8,73.4,24.6,8.4,39.0,8.5,5.5,245,49.0
South Korea,Asia,Male,26,171.7,50.4,25.7,10.0,40.5,9.0,7.0,255,50.5
China,Asia,Female,30,155.6,62.5,23.8,8.4,37.5,7.0,4.0,235,47.5
India,Asia,Male,28,174.8,83.0,25.6,10.2,40.5,9.0,7.0,255,50.5
India,Asia,Male,16,159.9,52.9,26.6,9.9,42.0,10.5,8.5,265,52.0
New Zealand,Australia & Oceania,Female,29,172.1,85.6,24.7,8.7,39.0,8.5,5.5,245,49.0
South Korea,Asia,Male,30,182.4,75.5,24.2,9.7,39.0,7.0,6.0,255,48.5
Germany,Europe,Male,33,168.0,123.0,27.3,9.5,43.0,11.5,9.5,275,53.0
Japan,Asia,Female,24,173.5,50.7,23.0,8.3,36.5,6.0,3.0,230,46.5
Netherlands,Europe,Male,44,182.3,80.9,28.4,10.6,44.5,13.0,11.0,285,54.5
Netherlands,Europe,Male,16,188.2,97.9,26.3,9.6,41.5,10.0,8.0,265,51.5
France,Europe,Male,52,178.1,60.7,27.3,10.1,43.0,11.5,9.5,275,53.0
Italy,Europe,Female,38,159.9,68.2,23.8,8.4,37.5,7.0,4.0,235,47.5
Canada,North America,Male,26,171.9,94.4,25.4,9.6,40.0,8.5,6.5,255,50.0
Egypt,Africa & Middle East,Female,19,173.9,54.3,24.9,9.1,39.5,9.0,6.0,250,49.5
Spain,Europe,Female,45,159.2,63.1,24.2,8.5,38.5,8.0,5.0,245,48.5
UK,Europe,Male,36,170.7,88.0,27.9,10.1,44.0,12.5,10.5,280,54.0
Spain,Europe,Male,33,181.3,86.3,28.3,10.4,44.5,13.0,11.0,285,54.5
Germany,Europe,Male,28,179.1,88.5,27.0,9.7,42.5,11.0,9.0,270,52.5
India,Asia,Female,36,155.4,61.8,21.2,7.5,34.0,5.0,2.5,220,44.0
China,Asia,Female,36,150.3,48.8,22.5,8.1,35.5,5.0,2.5,225,45.5
France,Europe,Female,45,150.8,67.6,27.0,9.4,42.5,12.0,9.0,270,52.5
India,Asia,Female,16,148.9,56.7,23.8,8.9,37.5,7.0,4.0,235,47.5
France,Europe,Male,17,176.8,98.4,25.6,9.5,40.5,9.0,7.0,255,50.5
Netherlands,Europe,Female,24,158.7,83.1,25.0,8.8,39.5,9.0,6.0,250,49.5
New Zealand,Australia & Oceania,Male,27,188.6,106.1,27.5,9.7,43.0,11.5,9.5,275,53.0
Mexico,North America,Female,41,154.9,79.4,24.6,8.8,39.0,8.5,5.5,245,49.0
Germany,Europe,Male,33,184.0,80.7,26.9,10.1,42.5,11.0,9.0,270,52.5
Germany,Europe,Male,31,180.0,78.3,25.5,9.6,40.0,8.5,6.5,255,50.0
Saudi Arabia,Africa & Middle East,Male,16,170.1,93.2,26.0,9.2,41.0,9.5,7.5,260,51.0
Vietnam,Asia,Female,16,161.6,41.9,22.5,8.4,36.0,5.5,2.5,225,46.0
Egypt,Africa & Middle East,Male,30,179.5,76.3,27.1,10.3,42.5,11.0,9.0,270,52.5
New Zealand,Australia & Oceania,Male,31,183.0,116.9,26.0,9.4,41.0,9.5,7.5,260,51.0
Japan,Asia,Male,22,162.1,67.7,23.8,9.0,39.0,7.0,6.0,255,48.0
Canada,North America,Female,32,158.8,66.5,25.0,8.7,39.5,9.0,6.0,250,49.5
Mexico,North America,Female,25,170.7,82.1,25.2,9.3,40.0,9.5,6.5,255,50.0
Germany,Europe,Female,20,165.8,70.3,24.1,8.8,38.0,7.5,4.5,240,48.0
Germany,Europe,Male,30,182.6,109.9,26.3,9.6,41.5,10.0,8.0,265,51.5
Mexico,North America,Female,52,169.4,65.0,24.5,8.5,39.0,8.5,5.5,245,49.0
China,Asia,Male,27,143.9,69.7,23.3,8.9,39.0,7.0,6.0,255,47.0
USA,North America,Male,30,172.7,94.6,25.2,9.4,40.0,8.5,6.5,255,50.0
Mexico,North America,Male,21,181.0,108.7,27.3,9.6,43.0,11.5,9.5,275,53.0
Japan,Asia,Male,43,177.3,65.4,26.0,9.8,41.0,9.5,7.5,260,51.0
Thailand,Asia,Female,44,160.5,62.8,22.0,8.2,35.0,5.0,2.5,220,45.0
South Korea,Asia,Male,19,176.1,69.8,26.3,10.6,41.5,10.0,8.0,265,51.5
Australia,Australia & Oceania,Male,16,164.1,40.6,27.2,9.9,42.5,11.0,9.0,270,52.5
India,Asia,Male,34,149.1,60.4,25.5,9.6,40.5,9.0,7.0,255,50.5
Mexico,North America,Female,26,170.2,80.5,23.9,8.6,38.0,7.5,4.5,240,48.0
Egypt,Africa & Middle East,Male,48,173.3,76.1,26.0,9.6,41.0,9.5,7.5,260,51.0
France,Europe,Female,62,166.4,47.4,24.8,8.7,39.0,8.5,5.5,245,49.0
Australia,Australia & Oceania,Male,16,174.7,66.0,26.1,9.7,41.0,9.5,7.5,260,51.0
Mexico,North America,Male,16,181.3,85.5,26.5,9.8,41.5,10.0,8.0,265,51.5
Canada,North America,Female,42,161.8,83.7,25.0,9.4,39.5,9.0,6.0,250,49.5
South Africa,Africa & Middle East,Male,44,172.2,57.4,26.1,9.7,41.0,9.5,7.5,260,51.0
New Zealand,Australia & Oceania,Male,46,186.1,68.4,27.2,9.7,43.0,11.5,9.5,275,53.0
China,Asia,Male,47,173.9,67.0,26.8,10.4,42.0,10.5,8.5,265,52.0
Italy,Europe,Male,16,167.2,94.3,27.2,9.9,42.5,11.0,9.0,270,52.5
Japan,Asia,Male,26,169.1,83.5,24.9,9.0,39.5,8.0,6.0,255,49.5
Canada,North America,Female,43,171.4,85.7,26.0,9.3,41.0,10.5,7.5,260,51.0
New Zealand,Australia & Oceania,Female,38,166.1,63.3,23.1,8.3,36.5,6.0,3.0,230,46.5
Thailand,Asia,Female,32,151.3,62.7,22.6,8.7,36.0,5.5,2.5,225,46.0
France,Europe,Male,34,172.2,108.8,25.0,9.0,39.5,8.0,6.0,255,49.5
India,Asia,Female,24,159.7,58.6,22.9,8.1,36.5,6.0,3.0,230,46.5
South Africa,Africa & Middle East,Female,33,164.5,81.5,24.3,8.5,38.5,8.0,5.0,245,48.5
USA,North America,Male,16,168.6,87.2,26.3,10.2,41.5,10.0,8.0,265,51.5
Australia,Australia & Oceania,Female,29,175.8,54.9,24.8,8.8,39.0,8.5,5.5,245,49.0
Mexico,North America,Male,23,174.9,120.8,27.8,10.3,43.5,12.0,10.0,275,53.5
China,Asia,Male,38,159.8,49.1,24.6,9.0,39.0,7.5,6.0,255,49.0
Netherlands,Europe,Male,52,184.7,98.8,26.4,9.8,41.5,10.0,8.0,265,51.5
New Zealand,Australia & Oceania,Female,46,161.9,77.7,23.7,8.0,37.5,7.0,4.0,235,47.5
China,Asia,Male,36,164.4,75.0,25.5,9.3,40.5,9.0,7.0,255,50.5
UK,Europe,Male,16,166.9,77.5,26.9,9.7,42.5,11.0,9.0,270,52.5
Saudi Arabia,Africa & Middle East,Female,35,160.6,59.4,23.3,8.2,37.0,6.5,3.5,235,47.0
UK,Europe,Female,49,169.0,42.6,24.5,8.9,38.5,8.0,5.0,245,48.5
South Korea,Asia,Male,31,166.6,43.2,23.1,8.6,39.0,7.0,6.0,255,46.5
Mexico,North America,Male,16,173.3,100.6,25.3,9.3,40.0,8.5,6.5,255,50.0
USA,North America,Male,23,181.9,117.7,27.8,10.2,43.5,12.0,10.0,275,53.5
Mexico,North America,Female,16,167.8,99.5,25.7,9.3,40.5,10.0,7.0,255,50.5
Kenya,Africa & Middle East,Female,54,161.0,56.0,22.1,8.3,35.0,5.0,2.5,220,45.0
USA,North America,Female,22,172.0,75.7,25.1,9.4,39.5,9.0,6.0,250,49.5
UK,Europe,Male,32,186.2,88.1,26.3,10.0,41.5,10.0,8.0,265,51.5
USA,North America,Male,31,175.3,98.8,27.0,10.5,42.5,11.0,9.0,270,52.5
Mexico,North America,Female,19,161.2,88.3,24.7,8.9,39.0,8.5,5.5,245,49.0
France,Europe,Female,32,171.8,77.5,23.8,8.5,37.5,7.0,4.0,235,47.5
Japan,Asia,Female,36,158.4,62.0,23.3,8.8,37.0,6.5,3.5,235,47.0
France,Europe,Male,50,176.7,78.4,28.3,10.8,44.5,13.0,11.0,285,54.5
USA,North America,Male,24,175.4,71.0,26.7,9.5,42.0,10.5,8.5,265,52.0
Italy,Europe,Female,44,172.7,43.5,25.0,9.1,39.5,9.0,6.0,250,49.5
Mexico,North America,Male,46,167.1,83.9,26.2,9.2,41.5,10.0,8.0,265,51.5
USA,North America,Male,18,169.9,71.0,27.3,10.0,43.0,11.5,9.5,275,53.0
Netherlands,Europe,Male,16,183.9,82.9,29.4,10.8,46.0,14.5,12.5,295,56.0
Mexico,North America,Male,19,178.2,38.0,26.0,9.9,41.0,9.5,7.5,260,51.0
Nigeria,Africa & Middle East,Female,34,152.7,70.6,23.5,8.9,37.5,7.0,4.0,235,47.5
Japan,Asia,Female,49,159.8,45.7,23.6,9.2,37.5,7.0,4.0,235,47.5
Australia,Australia & Oceania,Female,36,158.2,60.8,25.5,9.3,40.0,9.5,6.5,255,50.0
Italy,Europe,Female,45,173.4,43.3,24.5,8.8,39.0,8.5,5.5,245,49.0
France,Europe,Male,37,180.6,118.0,26.4,9.3,41.5,10.0,8.0,265,51.5
Italy,Europe,Female,42,175.5,59.3,26.2,9.6,41.5,11.0,8.0,265,51.5
Nigeria,Africa & Middle East,Male,25,170.2,97.2,28.1,10.3,44.0,12.5,10.5,280,54.0
Nigeria,Africa & Middle East,Male,43,172.5,60.3,25.5,9.2,40.5,9.0,7.0,255,50.5
Canada,North America,Male,53,184.8,111.9,27.2,10.2,43.0,11.5,9.5,275,53.0
South Korea,Asia,Female,48,163.1,64.2,23.2,8.2,37.0,6.5,3.5,235,47.0
France,Europe,Female,16,172.7,52.1,24.7,8.7,39.0,8.5,5.5,245,49.0
USA,North America,Male,26,168.5,70.4,26.9,10.3,42.5,11.0,9.0,270,52.5
Italy,Europe,Male,26,177.8,71.2,25.6,9.4,40.5,9.0,7.0,255,50.5
Italy,Europe,Male,36,177.9,99.3,27.8,10.0,43.5,12.0,10.0,275,53.5
Australia,Australia & Oceania,Female,16,161.4,72.4,26.3,9.1,41.5,11.0,8.0,265,51.5
China,Asia,Female,26,159.4,60.9,21.6,8.2,34.5,5.0,2.5,220,44.5
Italy,Europe,Male,27,182.6,93.5,27.3,10.0,43.0,11.5,9.5,275,53.0
South Korea,Asia,Male,31,172.4,74.8,24.6,9.1,39.0,7.5,6.0,255,49.0
Spain,Europe,Male,37,178.4,82.7,25.9,9.7,41.0,9.5,7.5,260,51.0
Spain,Europe,Female,27,172.9,74.4,24.8,8.6,39.5,9.0,6.0,250,49.5
USA,North America,Male,26,174.6,86.0,25.6,9.5,40.5,9.0,7.0,255,50.5
Australia,Australia & Oceania,Female,31,162.2,74.6,23.9,8.5,38.0,7.5,4.5,240,48.0
Germany,Europe,Male,34,170.3,79.7,26.9,9.5,42.5,11.0,9.0,270,52.5
Italy,Europe,Female,42,166.6,60.9,25.4,9.1,40.0,9.5,6.5,255,50.0
Mexico,North America,Male,24,177.1,41.9,26.0,10.0,41.0,9.5,7.5,260,51.0
USA,North America,Female,27,165.1,47.7,24.2,8.7,38.5,8.0,5.0,245,48.5
Japan,Asia,Male,35,171.2,84.8,25.4,10.1,40.0,8.5,6.5,255,50.0
USA,North America,Male,29,170.7,108.4,26.1,10.1,41.0,9.5,7.5,260,51.0
Thailand,Asia,Female,33,162.2,48.7,22.2,8.0,35.5,5.0,2.5,225,45.5
Vietnam,Asia,Male,42,168.7,78.9,25.3,9.8,40.0,8.5,6.5,255,50.0
India,Asia,Female,24,163.6,39.5,24.4,9.2,38.5,8.0,5.0,245,48.5
Mexico,North America,Female,45,161.0,78.2,25.4,9.2,40.0,9.5,6.5,255,50.0
UK,Europe,Male,34,181.4,68.6,25.2,9.0,40.0,8.5,6.5,255,50.0
Mexico,North America,Female,16,163.2,85.9,25.5,9.3,40.0,9.5,6.5,255,50.0
Vietnam,Asia,Female,53,162.2,47.1,22.5,8.3,36.0,5.5,2.5,225,46.0
UK,Europe,Male,30,178.0,65.2,25.8,9.3,40.5,9.0,7.0,255,50.5
Italy,Europe,Female,25,164.0,42.3,25.0,9.0,39.5,9.0,6.0,250,49.5
Mexico,North America,Female,31,164.5,90.8,23.1,8.3,36.5,6.0,3.0,230,46.5
Kenya,Africa & Middle East,Male,32,160.9,72.2,26.0,10.0,41.0,9.5,7.5,260,51.0
South Africa,Africa & Middle East,Male,34,173.6,68.2,26.5,9.7,41.5,10.0,8.0,265,51.5
Thailand,Asia,Female,36,159.5,61.7,23.3,8.8,37.0,6.5,3.5,235,47.0
Spain,Europe,Female,16,167.9,63.6,24.4,8.8,38.5,8.0,5.0,245,48.5
Netherlands,Europe,Female,25,169.4,54.3,24.6,8.7,39.0,8.5,5.5,245,49.0
Italy,Europe,Male,29,178.9,59.3,26.3,9.9,41.5,10.0,8.0,265,51.5
France,Europe,Female,41,158.8,61.2,25.2,9.2,40.0,9.5,6.5,255,50.0
South Africa,Africa & Middle East,Male,54,172.7,82.8,24.7,9.0,39.0,7.5,6.0,255,49.0
Italy,Europe,Female,30,169.2,65.8,24.7,8.8,39.0,8.5,5.5,245,49.0
USA,North America,Male,27,166.9,72.9,24.4,8.5,39.0,7.0,6.0,255,48.5
Canada,North America,Female,16,154.6,66.1,24.2,8.3,38.5,8.0,5.0,245,48.5
China,Asia,Male,28,175.0,58.4,25.6,9.9,40.5,9.0,7.0,255,50.5
France,Europe,Female,31,169.1,65.6,25.0,8.9,39.5,9.0,6.0,250,49.5
UK,Europe,Female,21,160.2,73.9,24.8,8.9,39.0,8.5,5.5,245,49.0
UK,Europe,Female,17,168.3,72.6,26.4,9.2,41.5,11.0,8.0,265,51.5
South Korea,Asia,Female,16,150.7,44.7,21.9,8.3,35.0,5.0,2.5,220,45.0
Nigeria,Africa & Middle East,Male,29,167.5,83.1,26.4,10.4,41.5,10.0,8.0,265,51.5
Italy,Europe,Male,16,180.3,113.7,27.0,9.6,42.5,11.0,9.0,270,52.5
Thailand,Asia,Male,37,168.8,75.6,26.0,9.7,41.0,9.5,7.5,260,51.0
Egypt,Africa & Middle East,Male,28,172.7,94.5,26.7,10.2,42.0,10.5,8.5,265,52.0
South Korea,Asia,Male,33,170.7,68.8,25.4,9.9,40.0,8.5,6.5,255,50.0
India,Asia,Male,24,165.1,75.4,26.1,9.7,41.0,9.5,7.5,260,51.0
China,Asia,Male,30,168.9,60.3,24.4,9.3,39.0,7.0,6.0,255,48.5
India,Asia,Male,46,171.7,60.9,23.7,8.9,39.0,7.0,6.0,255,47.5
India,Asia,Female,31,141.7,45.0,23.9,9.1,38.0,7.5,4.5,240,48.0
Netherlands,Europe,Female,39,165.9,57.2,25.3,8.8,40.0,9.5,6.5,255,50.0
UK,Europe,Female,27,160.7,71.8,26.2,9.1,41.5,11.0,8.0,265,51.5
Mexico,North America,Female,16,172.3,75.3,23.3,8.9,37.0,6.5,3.5,235,47.0
Netherlands,Europe,Male,30,172.8,80.0,27.5,9.8,43.0,11.5,9.5,275,53.0
Japan,Asia,Female,46,164.5,44.9,24.3,8.7,38.5,8.0,5.0,245,48.5
USA,North America,Female,22,157.6,82.6,23.9,9.0,38.0,7.5,4.5,240,48.0
Canada,North America,Male,23,183.1,81.1,25.8,9.0,40.5,9.0,7.0,255,50.5
Canada,North America,Female,16,152.6,70.7,25.8,8.9,40.5,10.0,7.0,255,50.5
France,Europe,Male,27,178.2,77.7,27.7,9.8,43.5,12.0,10.0,275,53.5
Vietnam,Asia,Male,28,170.4,75.4,25.7,9.9,40.5,9.0,7.0,255,50.5
China,Asia,Female,20,162.9,67.2,23.6,8.3,37.5,7.0,4.0,235,47.5
Netherlands,Europe,Female,27,169.5,91.3,25.1,9.3,39.5,9.0,6.0,250,49.5
UK,Europe,Male,38,176.5,95.3,25.3,9.3,40.0,8.5,6.5,255,50.0
Italy,Europe,Female,47,170.0,78.7,24.7,8.6,39.0,8.5,5.5,245,49.0
China,Asia,Female,39,168.9,55.7,25.2,9.2,40.0,9.5,6.5,255,50.0
USA,North America,Female,23,164.0,60.4,25.3,9.1,40.0,9.5,6.5,255,50.0
Japan,Asia,Female,27,162.1,47.1,24.0,9.0,38.0,7.5,4.5,240,48.0
Italy,Europe,Male,44,172.5,83.7,25.6,9.7,40.5,9.0,7.0,255,50.5
Japan,Asia,Female,44,162.6,44.9,24.5,8.8,39.0,8.5,5.5,245,49.0
Vietnam,Asia,Male,47,174.1,71.9,24.5,9.4,39.0,7.0,6.0,255,48.5
Canada,North America,Male,30,188.4,68.8,29.3,10.2,46.0,14.5,12.5,295,56.0
Italy,Europe,Male,28,184.5,110.6,26.7,9.6,42.0,10.5,8.5,265,52.0
China,Asia,Female,32,159.1,60.3,24.1,8.9,38.0,7.5,4.5,240,48.0
South Korea,Asia,Male,25,167.0,74.7,26.5,10.2,41.5,10.0,8.0,265,51.5
New Zealand,Australia & Oceania,Female,27,163.2,78.4,25.6,9.4,40.5,10.0,7.0,255,50.5
Thailand,Asia,Male,31,167.9,97.2,25.9,10.1,41.0,9.5,7.5,260,51.0
UK,Europe,Female,29,175.7,74.7,24.6,8.9,39.0,8.5,5.5,245,49.0
France,Europe,Female,37,165.7,66.0,24.6,8.9,39.0,8.5,5.5,245,49.0
Mexico,North America,Female,30,169.2,61.7,23.5,8.6,37.5,7.0,4.0,235,47.5
USA,North America,Female,51,159.6,56.4,25.9,9.4,41.0,10.5,7.5,260,51.0
France,Europe,Female,23,159.1,66.6,26.6,9.5,42.0,11.5,8.5,265,52.0
UK,Europe,Female,38,171.1,94.4,25.0,8.7,39.5,9.0,6.0,250,49.5
South Korea,Asia,Male,28,165.3,83.3,25.8,10.3,40.5,9.0,7.0,255,50.5
New Zealand,Australia & Oceania,Female,37,164.3,66.1,26.8,9.9,42.5,12.0,9.0,270,52.5
Mexico,North America,Male,31,173.1,63.9,27.2,9.9,43.0,11.5,9.5,275,53.0
Kenya,Africa & Middle East,Male,36,163.3,76.3,27.4,10.3,43.0,11.5,9.5,275,53.0
USA,North America,Female,22,156.3,79.4,25.2,9.4,40.0,9.5,6.5,255,50.0
Netherlands,Europe,Male,28,178.8,90.9,27.3,9.9,43.0,11.5,9.5,275,53.0
Australia,Australia & Oceania,Female,35,158.6,59.7,25.0,8.9,39.5,9.0,6.0,250,49.5
USA,North America,Male,32,179.8,108.7,28.7,11.0,45.0,13.5,11.5,285,55.0
France,Europe,Male,20,175.7,98.2,26.7,10.3,42.0,10.5,8.5,265,52.0
USA,North America,Female,31,162.9,89.3,24.2,9.0,38.0,7.5,4.5,240,48.0
UK,Europe,Male,22,186.2,87.2,28.2,10.2,44.5,13.0,11.0,285,54.5
Italy,Europe,Female,16,164.4,74.4,23.5,8.1,37.0,6.5,3.5,235,47.0
Netherlands,Europe,Male,38,179.1,122.1,26.6,10.2,42.0,10.5,8.5,265,52.0
Canada,North America,Female,31,163.8,76.2,24.5,8.5,38.5,8.0,5.0,245,48.5
Germany,Europe,Female,40,169.2,79.2,24.7,8.6,39.0,8.5,5.5,245,49.0
India,Asia,Male,32,166.4,62.7,25.4,9.9,40.0,8.5,6.5,255,50.0
USA,North America,Female,39,160.3,75.5,24.7,8.9,39.0,8.5,5.5,245,49.0
UK,Europe,Female,31,169.8,68.1,24.4,8.5,38.5,8.0,5.0,245,48.5
Canada,North America,Female,16,168.2,56.5,26.3,9.6,41.5,11.0,8.0,265,51.5
Mexico,North America,Male,32,173.9,93.6,26.7,9.9,42.0,10.5,8.5,265,52.0
India,Asia,Female,33,166.4,47.6,22.2,8.5,35.0,5.0,2.5,220,45.0
USA,North America,Female,53,173.0,57.0,25.0,8.9,39.5,9.0,6.0,250,49.5
France,Europe,Male,18,170.5,75.5,29.4,10.8,46.0,14.5,12.5,295,56.0
New Zealand,Australia & Oceania,Male,43,177.9,103.0,27.7,10.7,43.5,12.0,10.0,275,53.5
Canada,North America,Female,32,163.6,62.1,24.5,8.8,38.5,8.0,5.0,245,48.5
Vietnam,Asia,Female,27,164.5,54.2,23.2,8.7,37.0,6.5,3.5,235,47.0
Canada,North America,Female,21,175.9,91.2,24.9,9.2,39.5,9.0,6.0,250,49.5
Mexico,North America,Female,35,166.2,65.2,25.7,9.1,40.5,10.0,7.0,255,50.5
Mexico,North America,Male,16,157.5,51.9,25.5,9.8,40.5,9.0,7.0,255,50.5
India,Asia,Female,30,161.2,72.3,24.5,9.1,39.0,8.5,5.5,245,49.0
UK,Europe,Female,32,156.0,64.8,26.4,10.1,41.5,11.0,8.0,265,51.5
Mexico,North America,Male,40,174.2,70.5,25.3,8.9,40.0,8.5,6.5,255,50.0
Nigeria,Africa & Middle East,Male,33,172.8,48.2,27.1,9.9,42.5,11.0,9.0,270,52.5
New Zealand,Australia & Oceania,Male,46,183.2,84.5,27.0,10.4,42.5,11.0,9.0,270,52.5
Canada,North America,Female,41,155.9,64.5,25.6,9.2,40.5,10.0,7.0,255,50.5
Canada,North America,Female,41,168.6,86.9,24.4,9.4,38.5,8.0,5.0,245,48.5
South Korea,Asia,Female,16,162.6,73.3,23.3,9.0,37.0,6.5,3.5,235,47.0
Canada,North America,Female,26,160.0,77.1,27.6,10.0,43.0,13.0,10.0,275,53.5
Canada,North America,Female,25,160.5,81.4,24.0,8.5,38.0,7.5,4.5,240,48.0
Saudi Arabia,Africa & Middle East,Male,25,170.8,94.2,28.8,10.6,45.0,13.5,11.5,285,55.0
Germany,Europe,Female,29,167.5,57.9,24.6,8.7,39.0,8.5,5.5,245,49.0
USA,North America,Female,25,167.3,84.8,25.1,8.8,39.5,9.0,6.0,250,49.5
Nigeria,Africa & Middle East,Female,24,165.6,71.0,25.1,9.1,39.5,9.0,6.0,250,49.5
China,Asia,Female,16,153.4,63.3,23.0,8.5,36.5,6.0,3.0,230,46.5
USA,North America,Female,23,162.3,82.9,25.1,8.9,39.5,9.0,6.0,250,49.5
Mexico,North America,Male,34,176.4,43.6,27.2,10.3,43.0,11.5,9.5,275,53.0
India,Asia,Female,20,155.2,38.0,22.5,8.5,35.5,5.0,2.5,225,45.5
Canada,North America,Male,33,179.3,74.9,28.4,10.2,44.5,13.0,11.0,285,54.5
South Korea,Asia,Male,50,176.7,52.7,22.8,9.2,39.0,7.0,6.0,255,46.5
Canada,North America,Male,33,185.0,87.6,26.7,10.4,42.0,10.5,8.5,265,52.0
France,Europe,Female,44,170.8,88.6,25.1,8.7,39.5,9.0,6.0,250,49.5
France,Europe,Female,36,176.9,87.8,24.8,8.6,39.0,8.5,5.5,245,49.0
Thailand,Asia,Female,55,161.5,56.7,22.7,8.7,36.0,5.5,2.5,225,46.0
Kenya,Africa & Middle East,Female,47,163.3,50.6,23.8,8.5,37.5,7.0,4.0,235,47.5
Mexico,North America,Male,58,183.5,87.9,26.7,9.4,42.0,10.5,8.5,265,52.0
Spain,Europe,Female,39,168.6,78.4,23.7,8.5,37.5,7.0,4.0,235,47.5
Vietnam,Asia,Male,39,166.7,75.9,25.3,9.4,40.0,8.5,6.5,255,50.0
Thailand,Asia,Male,24,168.3,74.6,23.9,8.6,39.0,7.0,6.0,255,48.0
South Korea,Asia,Male,16,173.4,72.9,25.2,9.6,40.0,8.5,6.5,255,50.0
Japan,Asia,Female,37,153.6,48.3,23.9,9.0,38.0,7.5,4.5,240,48.0
Nigeria,Africa & Middle East,Male,41,173.4,88.8,26.6,9.8,42.0,10.5,8.5,265,52.0
Netherlands,Europe,Male,31,172.5,48.5,27.8,10.1,44.0,12.5,10.5,280,54.0
Mexico,North America,Male,41,177.5,93.1,25.6,9.3,40.5,9.0,7.0,255,50.5
Italy,Europe,Female,26,176.2,72.8,26.4,9.5,41.5,11.0,8.0,265,51.5
Germany,Europe,Female,21,175.3,86.1,26.6,9.7,42.0,11.5,8.5,265,52.0
Nigeria,Africa & Middle East,Male,25,173.9,95.1,26.7,10.1,42.0,10.5,8.5,265,52.0
China,Asia,Female,32,144.8,56.0,22.5,8.4,36.0,5.5,2.5,225,46.0
Spain,Europe,Male,22,165.9,102.2,26.1,9.1,41.0,9.5,7.5,260,51.0
New Zealand,Australia & Oceania,Male,35,182.6,50.4,27.1,9.9,42.5,11.0,9.0,270,52.5
India,Asia,Female,47,166.6,43.5,24.1,8.9,38.0,7.5,4.5,240,48.0
China,Asia,Female,17,155.3,60.3,22.6,8.1,36.0,5.5,2.5,225,46.0
New Zealand,Australia & Oceania,Male,29,170.1,86.9,28.2,10.4,44.5,13.0,11.0,285,54.5
Spain,Europe,Female,38,156.7,62.9,24.9,8.3,39.5,9.0,6.0,250,49.5
Germany,Europe,Female,25,166.1,47.2,23.8,8.9,37.5,7.0,4.0,235,47.5
Canada,North America,Male,27,183.2,133.1,24.8,9.2,39.0,7.5,6.0,255,49.0
Japan,Asia,Female,16,162.1,51.0,23.3,8.1,37.0,6.5,3.5,235,47.0
Spain,Europe,Female,27,167.9,52.7,25.4,9.1,40.0,9.5,6.5,255,50.0
India,Asia,Male,27,177.8,60.3,25.2,9.6,40.0,8.5,6.5,255,50.0
Netherlands,Europe,Female,42,173.4,70.1,25.9,9.8,41.0,10.5,7.5,260,51.0
France,Europe,Male,24,170.7,88.7,27.6,10.3,43.5,12.0,10.0,275,53.5
Mexico,North America,Male,30,183.6,98.1,25.7,9.6,40.5,9.0,7.0,255,50.5
Mexico,North America,Male,58,170.9,94.9,26.5,9.6,42.0,10.5,8.5,265,52.0
South Korea,Asia,Male,28,159.6,64.3,23.9,8.8,39.0,7.0,6.0,255,48.0
Germany,Europe,Male,43,170.4,72.2,27.2,9.8,43.0,11.5,9.5,275,53.0
Germany,Europe,Male,16,168.1,92.3,27.6,10.3,43.5,12.0,10.0,275,53.5
Netherlands,Europe,Male,36,172.3,98.5,25.1,9.0,39.5,8.0,6.0,255,49.5
Italy,Europe,Male,22,171.3,93.2,25.2,9.1,40.0,8.5,6.5,255,50.0
Germany,Europe,Female,18,171.8,110.4,25.2,9.4,40.0,9.5,6.5,255,50.0
Netherlands,Europe,Male,28,182.8,105.5,27.4,9.9,43.0,11.5,9.5,275,53.0
Canada,North America,Male,31,165.6,79.7,27.1,9.8,42.5,11.0,9.0,270,52.5
USA,North America,Female,26,169.9,38.0,24.9,9.3,39.5,9.0,6.0,250,49.5
France,Europe,Male,32,162.5,88.4,25.9,9.6,41.0,9.5,7.5,260,51.0
New Zealand,Australia & Oceania,Female,16,170.6,67.0,25.5,8.5,40.5,10.0,7.0,255,50.5
China,Asia,Male,39,159.2,63.4,25.8,9.7,40.5,9.0,7.0,255,50.5
USA,North America,Female,19,168.6,53.1,25.8,9.4,40.5,10.0,7.0,255,50.5
India,Asia,Male,16,176.7,92.3,26.1,10.1,41.0,9.5,7.5,260,51.0
Kenya,Africa & Middle East,Female,20,160.5,56.1,22.5,8.1,36.0,5.5,2.5,225,46.0
India,Asia,Male,21,176.5,65.3,25.4,9.0,40.0,8.5,6.5,255,50.0
India,Asia,Male,27,168.1,54.3,25.5,9.4,40.5,9.0,7.0,255,50.5
Vietnam,Asia,Male,16,163.6,87.2,25.4,9.6,40.0,8.5,6.5,255,50.0
South Korea,Asia,Male,26,174.7,79.6,24.8,9.2,39.5,8.0,6.0,255,49.5
Mexico,North America,Female,27,165.2,65.9,26.6,9.5,42.0,11.5,8.5,265,52.0
China,Asia,Male,40,165.5,62.1,27.4,10.8,43.0,11.5,9.5,275,53.0
South Korea,Asia,Female,35,173.3,53.7,22.4,8.3,35.5,5.0,2.5,225,45.5
India,Asia,Male,20,168.2,67.0,24.3,9.0,39.0,7.0,6.0,255,48.5
New Zealand,Australia & Oceania,Female,38,159.1,92.2,25.4,9.1,40.0,9.5,6.5,255,50.0
Netherlands,Europe,Female,33,166.1,98.7,23.6,8.3,37.5,7.0,4.0,235,47.5
USA,North America,Female,34,163.9,59.3,24.0,8.6,38.0,7.5,4.5,240,48.0
Canada,North America,Female,34,163.1,70.8,24.2,8.5,38.5,8.0,5.0,245,48.5
Thailand,Asia,Male,28,176.6,68.6,25.7,9.8,40.5,9.0,7.0,255,50.5
Australia,Australia & Oceania,Female,21,172.8,75.1,25.1,9.1,39.5,9.0,6.0,250,49.5
Thailand,Asia,Male,34,166.9,42.4,23.7,8.9,39.0,7.0,6.0,255,47.5
Netherlands,Europe,Male,19,192.4,67.5,27.4,10.2,43.0,11.5,9.5,275,53.0
Germany,Europe,Female,53,156.2,89.9,25.1,9.1,39.5,9.0,6.0,250,49.5
Canada,North America,Male,21,169.9,47.9,28.0,10.5,44.0,12.5,10.5,280,54.0
USA,North America,Male,32,176.3,111.5,26.4,9.7,41.5,10.0,8.0,265,51.5
Japan,Asia,Male,24,157.0,91.7,24.4,8.8,39.0,7.0,6.0,255,48.5
Saudi Arabia,Africa & Middle East,Female,22,160.6,81.8,24.8,9.2,39.0,8.5,5.5,245,49.0
Spain,Europe,Female,35,163.9,51.1,25.1,9.1,39.5,9.0,6.0,250,49.5
USA,North America,Male,23,164.8,76.8,27.2,10.2,43.0,11.5,9.5,275,53.0
Mexico,North America,Male,27,175.2,107.3,30.8,11.0,48.0,16.0,14.0,305,58.0
Germany,Europe,Female,34,155.2,76.6,24.7,8.6,39.0,8.5,5.5,245,49.0
Italy,Europe,Female,37,159.1,67.5,25.1,9.0,39.5,9.0,6.0,250,49.5
France,Europe,Female,36,170.5,77.0,24.8,9.2,39.0,8.5,5.5,245,49.0
Spain,Europe,Female,34,166.5,55.2,24.5,8.6,39.0,8.5,5.5,245,49.0
USA,North America,Male,41,169.2,80.2,25.5,9.7,40.0,8.5,6.5,255,50.0
Egypt,Africa & Middle East,Male,34,171.9,54.2,27.0,10.3,42.5,11.0,9.0,270,52.5
Mexico,North America,Male,20,180.7,76.0,28.3,10.6,44.5,13.0,11.0,285,54.5
Spain,Europe,Male,35,182.8,78.3,26.5,10.0,42.0,10.5,8.5,265,52.0
Egypt,Africa & Middle East,Female,27,169.5,63.2,23.7,8.0,37.5,7.0,4.0,235,47.5
Egypt,Africa & Middle East,Male,37,169.1,63.0,27.1,9.7,42.5,11.0,9.0,270,52.5
South Africa,Africa & Middle East,Male,39,164.9,60.0,23.9,9.3,39.0,7.0,6.0,255,48.0
Vietnam,Asia,Male,16,177.0,70.7,24.2,9.0,39.0,7.0,6.0,255,48.5
China,Asia,Male,27,168.8,51.7,25.1,9.5,39.5,8.0,6.0,255,49.5
South Korea,Asia,Male,29,168.7,61.4,25.7,9.2,40.5,9.0,7.0,255,50.5
Mexico,North America,Male,35,186.5,122.5,28.7,10.4,45.0,13.5,11.5,285,55.0
Canada,North America,Male,32,188.1,115.3,28.1,10.7,44.0,12.5,10.5,280,54.0
Italy,Europe,Female,34,167.3,79.7,24.5,8.8,38.5,8.0,5.0,245,48.5
China,Asia,Male,16,164.3,46.0,26.4,10.1,41.5,10.0,8.0,265,51.5
Mexico,North America,Male,22,173.6,118.3,28.3,10.6,44.5,13.0,11.0,285,54.5
USA,North America,Male,20,180.7,137.4,27.4,9.8,43.0,11.5,9.5,275,53.0
Germany,Europe,Male,28,185.0,93.7,28.1,10.8,44.0,12.5,10.5,280,54.0
USA,North America,Female,27,166.2,77.1,25.8,9.5,40.5,10.0,7.0,255,50.5
Italy,Europe,Female,47,149.9,38.0,23.4,8.0,37.0,6.5,3.5,235,47.0
New Zealand,Australia & Oceania,Female,23,164.7,70.8,25.3,9.3,40.0,9.5,6.5,255,50.0
Thailand,Asia,Male,32,176.6,72.5,25.4,9.4,40.0,8.5,6.5,255,50.0
South Korea,Asia,Female,27,161.8,39.9,22.4,8.4,35.5,5.0,2.5,225,45.5
Mexico,North America,Male,32,177.0,94.5,28.1,10.6,44.0,12.5,10.5,280,54.0
France,Europe,Female,16,155.8,45.7,26.5,9.3,41.5,11.0,8.0,265,51.5
USA,North America,Female,30,167.4,64.5,24.2,9.0,38.5,8.0,5.0,245,48.5
UK,Europe,Female,43,163.8,68.6,23.4,8.7,37.0,6.5,3.5,235,47.0
Germany,Europe,Female,16,162.5,45.9,24.0,8.7,38.0,7.5,4.5,240,48.0
New Zealand,Australia & Oceania,Female,25,176.6,95.8,24.9,9.0,39.5,9.0,6.0,250,49.5
New Zealand,Australia & Oceania,Female,32,154.4,90.4,23.8,8.3,37.5,7.0,4.0,235,47.5
South Korea,Asia,Female,22,163.6,66.4,23.7,8.8,37.5,7.0,4.0,235,47.5
Mexico,North America,Female,18,165.9,97.2,26.5,9.7,41.5,11.0,8.0,265,51.5
UK,Europe,Female,47,162.4,59.0,25.6,9.3,40.5,10.0,7.0,255,50.5
Nigeria,Africa & Middle East,Male,33,160.4,80.0,26.8,9.6,42.0,10.5,8.5,265,52.0
Vietnam,Asia,Female,27,154.3,59.9,23.3,8.8,37.0,6.5,3.5,235,47.0
Saudi Arabia,Africa & Middle East,Female,36,160.9,53.5,22.9,8.7,36.5,6.0,3.0,230,46.5
Thailand,Asia,Female,38,157.0,57.3,23.3,8.9,37.0,6.5,3.5,235,47.0
Spain,Europe,Male,16,191.6,84.9,25.4,9.1,40.0,8.5,6.5,255,50.0
Nigeria,Africa & Middle East,Female,34,164.7,65.6,24.7,9.2,39.0,8.5,5.5,245,49.0
Vietnam,Asia,Female,35,160.0,50.1,23.6,8.5,37.5,7.0,4.0,235,47.5
Italy,Europe,Male,37,188.9,81.0,26.0,9.0,41.0,9.5,7.5,260,51.0
Japan,Asia,Male,41,166.8,72.2,25.1,9.2,39.5,8.0,6.0,255,49.5
Germany,Europe,Male,48,187.5,92.7,26.0,9.5,41.0,9.5,7.5,260,51.0
USA,North America,Male,24,182.6,112.3,23.8,8.2,39.0,7.0,6.0,255,47.5
UK,Europe,Male,34,181.7,67.6,26.1,9.7,41.0,9.5,7.5,260,51.0
China,Asia,Female,16,154.1,50.4,24.2,8.6,38.5,8.0,5.0,245,48.5
USA,North America,Female,37,170.9,53.8,26.1,9.4,41.0,10.5,7.5,260,51.0
Canada,North America,Female,56,162.1,75.0,26.6,9.8,42.0,11.5,8.5,265,52.0
Kenya,Africa & Middle East,Female,40,158.2,98.4,25.0,8.7,39.5,9.0,6.0,250,49.5
USA,North America,Male,17,165.7,95.5,27.1,9.8,42.5,11.0,9.0,270,52.5
Italy,Europe,Male,21,179.5,107.8,27.1,9.5,42.5,11.0,9.0,270,52.5
South Korea,Asia,Male,31,170.8,53.4,24.8,9.7,39.0,7.5,6.0,255,49.0
Australia,Australia & Oceania,Female,45,170.1,65.9,25.2,9.0,40.0,9.5,6.5,255,50.0
UK,Europe,Male,36,177.0,78.2,26.1,9.3,41.0,9.5,7.5,260,51.0
Spain,Europe,Female,28,162.5,58.9,24.5,8.6,38.5,8.0,5.0,245,48.5
India,Asia,Male,41,164.9,91.9,24.2,9.0,39.0,7.0,6.0,255,48.5
New Zealand,Australia & Oceania,Male,33,177.1,73.1,27.7,10.2,43.5,12.0,10.0,275,53.5
Mexico,North America,Female,46,161.1,72.4,25.7,9.4,40.5,10.0,7.0,255,50.5
Vietnam,Asia,Male,41,181.7,83.1,26.5,10.4,42.0,10.5,8.5,265,52.0
Mexico,North America,Male,40,178.7,77.1,27.1,10.0,42.5,11.0,9.0,270,52.5
Vietnam,Asia,Male,17,167.9,62.0,23.4,9.3,39.0,7.0,6.0,255,47.0
Mexico,North America,Male,17,172.5,122.0,27.7,10.2,43.5,12.0,10.0,275,53.5
Vietnam,Asia,Male,31,175.0,72.7,25.8,10.5,40.5,9.0,7.0,255,50.5
Italy,Europe,Male,16,187.2,48.8,28.9,10.6,45.5,14.0,12.0,290,55.5
New Zealand,Australia & Oceania,Male,49,162.8,80.9,25.4,9.0,40.0,8.5,6.5,255,50.0
Italy,Europe,Female,21,154.5,77.0,22.9,8.2,36.5,6.0,3.0,230,46.5
Canada,North America,Female,28,168.5,80.3,25.3,9.4,40.0,9.5,6.5,255,50.0
Canada,North America,Male,43,183.7,108.1,27.4,9.9,43.0,11.5,9.5,275,53.0
India,Asia,Female,36,157.3,57.5,23.9,9.4,38.0,7.5,4.5,240,48.0
Spain,Europe,Female,16,160.7,62.0,24.4,8.8,38.5,8.0,5.0,245,48.5
Mexico,North America,Female,31,174.2,54.8,25.8,9.2,40.5,10.0,7.0,255,50.5
Spain,Europe,Male,29,176.4,87.9,26.2,9.7,41.5,10.0,8.0,265,51.5
Canada,North America,Female,33,162.4,61.2,24.4,9.4,38.5,8.0,5.0,245,48.5
Germany,Europe,Female,16,167.3,81.4,24.1,8.7,38.0,7.5,4.5,240,48.0
Canada,North America,Male,24,177.0,74.8,27.1,9.7,42.5,11.0,9.0,270,52.5
Kenya,Africa & Middle East,Male,32,172.5,59.2,26.2,9.5,41.5,10.0,8.0,265,51.5
Netherlands,Europe,Female,16,165.5,65.8,25.8,9.0,40.5,10.0,7.0,255,50.5
Australia,Australia & Oceania,Male,26,181.5,84.2,30.2,11.4,47.5,16.0,14.0,305,57.5
Vietnam,Asia,Male,55,157.6,70.1,25.0,9.2,39.5,8.0,6.0,255,49.5
Mexico,North America,Female,25,159.9,70.2,24.9,8.7,39.5,9.0,6.0,250,49.5
Canada,North America,Male,53,167.0,90.8,25.0,9.7,39.5,8.0,6.0,255,49.5
France,Europe,Female,27,164.8,100.2,25.7,9.1,40.5,10.0,7.0,255,50.5
India,Asia,Female,33,154.3,77.2,22.4,8.1,35.5,5.0,2.5,225,45.5
Mexico,North America,Male,27,176.5,74.6,25.8,9.8,40.5,9.0,7.0,255,50.5
New Zealand,Australia & Oceania,Female,32,161.5,81.9,22.8,8.6,36.0,5.5,2.5,225,46.0
Egypt,Africa & Middle East,Male,58,185.9,52.1,26.2,9.4,41.5,10.0,8.0,265,51.5
UK,Europe,Male,35,185.2,94.0,24.8,9.1,39.0,7.5,6.0,255,49.0
Italy,Europe,Male,21,184.6,81.2,27.6,10.1,43.5,12.0,10.0,275,53.5
Canada,North America,Male,28,182.2,99.1,25.3,9.5,40.0,8.5,6.5,255,50.0
France,Europe,Male,23,194.3,88.5,26.9,10.0,42.5,11.0,9.0,270,52.5
Mexico,North America,Female,34,156.9,70.0,24.5,9.2,38.5,8.0,5.0,245,48.5
Nigeria,Africa & Middle East,Female,26,166.7,65.1,25.0,8.9,39.5,9.0,6.0,250,49.5
New Zealand,Australia & Oceania,Male,16,177.9,69.9,28.0,10.5,44.0,12.5,10.5,280,54.0
South Korea,Asia,Female,31,154.7,52.9,24.2,8.8,38.5,8.0,5.0,245,48.5
Germany,Europe,Male,29,164.6,48.1,26.9,10.3,42.5,11.0,9.0,270,52.5
UK,Europe,Female,32,162.7,103.0,25.8,9.0,41.0,10.5,7.5,260,51.0
Thailand,Asia,Female,31,159.8,77.0,22.5,8.4,35.5,5.0,2.5,225,45.5
Germany,Europe,Male,35,169.7,101.7,27.9,10.5,44.0,12.5,10.5,280,54.0
France,Europe,Male,44,167.2,81.3,27.6,10.0,43.5,12.0,10.0,275,53.5
Kenya,Africa & Middle East,Female,43,158.5,50.8,24.8,9.2,39.0,8.5,5.5,245,49.0
USA,North America,Female,28,160.6,85.7,26.1,9.0,41.0,10.5,7.5,260,51.0
Mexico,North America,Male,24,171.9,62.4,27.0,9.8,42.5,11.0,9.0,270,52.5
South Korea,Asia,Female,25,155.5,64.3,22.4,7.8,35.5,5.0,2.5,225,45.5
Mexico,North America,Male,42,173.7,100.2,24.9,9.6,39.5,8.0,6.0,255,49.5
Netherlands,Europe,Male,25,177.1,122.9,25.1,9.4,39.5,8.0,6.0,255,49.5
Egypt,Africa & Middle East,Male,16,177.7,67.4,28.3,10.7,44.5,13.0,11.0,285,54.5
USA,North America,Female,22,169.7,58.7,25.3,8.6,40.0,9.5,6.5,255,50.0
UK,Europe,Female,49,158.5,49.4,25.3,9.2,40.0,9.5,6.5,255,50.0
France,Europe,Female,29,167.3,80.9,24.9,8.8,39.5,9.0,6.0,250,49.5
India,Asia,Male,28,166.0,66.8,25.1,9.4,39.5,8.0,6.0,255,49.5
UK,Europe,Male,31,188.1,106.2,27.1,9.9,42.5,11.0,9.0,270,52.5
Mexico,North America,Male,33,170.9,71.8,26.8,9.8,42.0,10.5,8.5,265,52.0
Thailand,Asia,Female,47,149.7,54.2,22.6,8.3,36.0,5.5,2.5,225,46.0
South Korea,Asia,Female,35,158.7,75.0,24.6,9.1,39.0,8.5,5.5,245,49.0
China,Asia,Female,27,153.8,46.3,25.0,9.1,39.5,9.0,6.0,250,49.5
Italy,Europe,Female,22,162.7,54.5,26.5,9.5,41.5,11.0,8.0,265,51.5
Japan,Asia,Male,21,171.1,50.3,25.7,9.9,40.5,9.0,7.0,255,50.5
China,Asia,Male,30,170.1,54.9,23.8,9.1,39.0,7.0,6.0,255,47.5
USA,North America,Male,32,175.4,82.2,28.1,11.0,44.0,12.5,10.5,280,54.0
Mexico,North America,Female,34,164.5,73.1,24.5,8.9,38.5,8.0,5.0,245,48.5
Canada,North America,Female,37,172.3,95.3,25.2,9.1,40.0,9.5,6.5,255,50.0
New Zealand,Australia & Oceania,Male,48,172.5,65.0,25.9,9.9,41.0,9.5,7.5,260,51.0
Japan,Asia,Male,31,168.9,64.5,27.1,10.6,42.5,11.0,9.0,270,52.5
China,Asia,Female,25,156.1,57.3,23.7,8.4,37.5,7.0,4.0,235,47.5
Australia,Australia & Oceania,Male,36,171.9,100.2,28.2,10.1,44.5,13.0,11.0,285,54.5
Mexico,North America,Female,16,157.2,45.0,25.2,9.1,40.0,9.5,6.5,255,50.0
UK,Europe,Male,31,172.2,76.7,26.5,9.5,42.0,10.5,8.5,265,52.0
China,Asia,Male,46,170.0,92.5,25.4,9.4,40.0,8.5,6.5,255,50.0
China,Asia,Male,44,171.6,69.4,25.5,9.2,40.0,8.5,6.5,255,50.0
Vietnam,Asia,Female,52,164.3,65.7,21.6,8.2,34.5,5.0,2.5,220,44.5
Canada,North America,Male,36,174.6,89.8,27.3,10.1,43.0,11.5,9.5,275,53.0
Canada,North America,Female,26,163.6,47.6,27.4,9.7,43.0,12.5,9.5,275,53.0
Spain,Europe,Male,29,168.0,62.8,25.3,9.2,40.0,8.5,6.5,255,50.0
UK,Europe,Male,36,181.4,69.9,24.9,9.1,39.5,8.0,6.0,255,49.5
India,Asia,Male,48,169.9,69.4,25.6,9.6,40.5,9.0,7.0,255,50.5
Nigeria,Africa & Middle East,Female,41,168.2,70.0,24.1,8.7,38.0,7.5,4.5,240,48.0
USA,North America,Female,23,163.3,63.2,26.0,9.5,41.0,10.5,7.5,260,51.0
Canada,North America,Male,16,178.0,56.2,26.8,9.7,42.0,10.5,8.5,265,52.0
Thailand,Asia,Male,41,172.7,70.7,24.0,8.9,39.0,7.0,6.0,255,48.0
Vietnam,Asia,Male,31,173.4,69.0,26.0,10.7,41.0,9.5,7.5,260,51.0
Canada,North America,Female,53,172.0,82.9,25.4,9.3,40.0,9.5,6.5,255,50.0
Italy,Europe,Male,16,180.0,65.1,26.5,9.6,42.0,10.5,8.5,265,52.0
Thailand,Asia,Female,18,146.9,63.7,23.0,8.3,36.5,6.0,3.0,230,46.5
India,Asia,Female,37,166.5,46.1,23.1,8.6,36.5,6.0,3.0,230,46.5
South Korea,Asia,Female,38,148.4,44.9,21.7,7.9,34.5,5.0,2.5,220,44.5
India,Asia,Female,31,157.3,50.5,23.7,8.7,37.5,7.0,4.0,235,47.5
South Africa,Africa & Middle East,Female,31,160.9,59.7,25.1,9.2,39.5,9.0,6.0,250,49.5
Spain,Europe,Female,17,170.6,56.1,25.7,9.1,40.5,10.0,7.0,255,50.5
South Africa,Africa & Middle East,Female,39,161.4,93.2,22.5,7.8,35.5,5.0,2.5,225,45.5
USA,North America,Male,28,174.0,84.7,26.3,9.6,41.5,10.0,8.0,265,51.5
New Zealand,Australia & Oceania,Female,32,173.9,91.8,24.3,8.7,38.5,8.0,5.0,245,48.5
USA,North America,Female,33,154.6,72.0,25.4,8.8,40.0,9.5,6.5,255,50.0
New Zealand,Australia & Oceania,Male,16,177.4,88.1,28.6,10.3,45.0,13.5,11.5,285,55.0
Canada,North America,Female,39,164.0,67.8,26.6,9.4,42.0,11.5,8.5,265,52.0
Canada,North America,Male,29,173.4,104.8,26.2,9.7,41.5,10.0,8.0,265,51.5
France,Europe,Female,32,162.3,63.4,23.8,8.7,37.5,7.0,4.0,235,47.5
USA,North America,Male,16,166.9,94.8,27.4,10.6,43.0,11.5,9.5,275,53.0
Kenya,Africa & Middle East,Female,46,161.6,55.1,26.0,9.4,41.0,10.5,7.5,260,51.0
Nigeria,Africa & Middle East,Male,26,163.1,66.6,26.6,10.2,42.0,10.5,8.5,265,52.0
Netherlands,Europe,Female,23,165.5,58.7,24.6,8.9,39.0,8.5,5.5,245,49.0
Kenya,Africa & Middle East,Male,28,174.9,83.3,26.1,10.6,41.0,9.5,7.5,260,51.0
Spain,Europe,Female,23,169.7,65.1,22.8,8.2,36.0,5.5,2.5,225,46.0
France,Europe,Male,38,161.7,105.5,27.2,9.8,42.5,11.0,9.0,270,52.5
India,Asia,Female,36,150.3,58.6,21.8,8.1,34.5,5.0,2.5,220,44.5
New Zealand,Australia & Oceania,Female,31,167.8,57.3,25.7,8.8,40.5,10.0,7.0,255,50.5
Canada,North America,Female,38,167.9,81.8,24.4,8.8,38.5,8.0,5.0,245,48.5
Mexico,North America,Male,26,173.8,106.1,25.9,10.0,41.0,9.5,7.5,260,51.0
Saudi Arabia,Africa & Middle East,Male,16,183.4,91.5,27.8,10.4,43.5,12.0,10.0,275,53.5
France,Europe,Female,43,170.8,70.8,23.9,8.7,38.0,7.5,4.5,240,48.0
Kenya,Africa & Middle East,Male,33,166.9,70.4,26.6,11.0,42.0,10.5,8.5,265,52.0
Italy,Europe,Male,30,183.9,86.3,26.7,9.7,42.0,10.5,8.5,265,52.0
USA,North America,Female,33,154.7,83.2,25.0,8.8,39.5,9.0,6.0,250,49.5
Mexico,North America,Male,30,178.8,114.5,27.3,9.9,43.0,11.5,9.5,275,53.0
Kenya,Africa & Middle East,Female,26,164.0,60.8,23.3,8.7,37.0,6.5,3.5,235,47.0
Germany,Europe,Male,19,176.2,51.1,27.1,10.1,42.5,11.0,9.0,270,52.5
UK,Europe,Female,30,151.6,98.0,22.6,7.9,36.0,5.5,2.5,225,46.0
South Africa,Africa & Middle East,Female,49,155.3,62.0,23.5,8.6,37.5,7.0,4.0,235,47.5
Australia,Australia & Oceania,Male,50,176.4,86.5,27.4,9.7,43.0,11.5,9.5,275,53.0
China,Asia,Female,36,149.9,64.1,23.0,8.4,36.5,6.0,3.0,230,46.5
New Zealand,Australia & Oceania,Male,28,179.2,77.6,27.8,10.2,43.5,12.0,10.0,275,53.5
Mexico,North America,Female,23,171.1,101.7,26.9,9.6,42.5,12.0,9.0,270,52.5
New Zealand,Australia & Oceania,Male,45,175.7,73.8,26.4,9.8,41.5,10.0,8.0,265,51.5
Australia,Australia & Oceania,Female,39,174.8,79.4,24.8,8.8,39.0,8.5,5.5,245,49.0
UK,Europe,Female,33,156.6,70.0,23.4,8.1,37.0,6.5,3.5,235,47.0
Egypt,Africa & Middle East,Female,46,164.8,54.6,24.3,9.0,38.5,8.0,5.0,245,48.5
New Zealand,Australia & Oceania,Male,32,175.6,93.2,26.3,9.6,41.5,10.0,8.0,265,51.5
Japan,Asia,Male,49,167.6,76.5,23.8,8.5,39.0,7.0,6.0,255,47.5
Kenya,Africa & Middle East,Female,42,169.1,69.2,25.5,9.4,40.0,9.5,6.5,255,50.0
Mexico,North America,Female,35,161.9,75.3,23.0,8.3,36.5,6.0,3.0,230,46.5
Australia,Australia & Oceania,Female,43,159.6,52.3,25.1,9.5,39.5,9.0,6.0,250,49.5
Canada,North America,Female,28,168.3,88.0,23.9,8.6,38.0,7.5,4.5,240,48.0
Thailand,Asia,Female,37,162.5,65.8,22.7,8.1,36.0,5.5,2.5,225,46.0
Kenya,Africa & Middle East,Female,33,159.9,69.4,25.5,8.6,40.0,9.5,6.5,255,50.0
Japan,Asia,Female,37,151.9,47.9,23.8,8.8,38.0,7.5,4.5,240,48.0
Canada,North America,Male,51,172.8,82.2,26.9,9.6,42.5,11.0,9.0,270,52.5
USA,North America,Female,29,156.5,76.9,25.0,8.8,39.5,9.0,6.0,250,49.5
South Korea,Asia,Female,33,146.5,66.5,23.9,9.4,38.0,7.5,4.5,240,48.0
USA,North America,Male,50,179.8,95.3,24.3,9.2,39.0,7.0,6.0,255,48.5
Spain,Europe,Female,38,161.2,88.9,26.6,9.5,42.0,11.5,8.5,265,52.0
Germany,Europe,Female,30,152.0,73.3,24.1,8.5,38.0,7.5,4.5,240,48.0
Japan,Asia,Female,24,154.5,58.8,22.8,8.1,36.0,5.5,2.5,225,46.0
Vietnam,Asia,Male,27,175.0,60.8,25.2,9.9,40.0,8.5,6.5,255,50.0
Vietnam,Asia,Female,31,157.1,53.6,22.8,8.3,36.0,5.5,2.5,225,46.0
South Korea,Asia,Female,24,155.9,58.2,23.0,8.3,36.5,6.0,3.0,230,46.5
USA,North America,Male,51,182.2,106.5,29.2,10.7,46.0,14.5,12.5,295,56.0
USA,North America,Male,16,180.4,78.4,28.5,10.5,44.5,13.0,11.0,285,54.5
USA,North America,Female,34,166.2,71.2,25.5,9.7,40.0,9.5,6.5,255,50.0
France,Europe,Female,18,179.0,63.3,25.2,9.0,40.0,9.5,6.5,255,50.0
Kenya,Africa & Middle East,Male,35,174.8,50.6,25.5,9.1,40.0,8.5,6.5,255,50.0
Canada,North America,Female,20,157.1,74.1,24.7,9.1,39.0,8.5,5.5,245,49.0
India,Asia,Male,29,152.9,53.3,25.2,9.2,40.0,8.5,6.5,255,50.0
Australia,Australia & Oceania,Male,48,171.5,107.0,26.8,10.6,42.5,11.0,9.0,270,52.5
Japan,Asia,Female,16,152.7,52.0,21.5,8.3,34.5,5.0,2.5,220,44.5
USA,North America,Male,21,179.7,85.1,27.1,9.8,42.5,11.0,9.0,270,52.5
Japan,Asia,Female,27,169.0,59.2,25.4,9.4,40.0,9.5,6.5,255,50.0
Canada,North America,Male,32,184.6,66.0,27.1,10.2,42.5,11.0,9.0,270,52.5
UK,Europe,Female,53,154.7,52.3,23.7,8.6,37.5,7.0,4.0,235,47.5
Japan,Asia,Male,24,175.9,57.1,25.5,10.2,40.0,8.5,6.5,255,50.0
Italy,Europe,Male,32,173.9,41.4,27.6,10.4,43.5,12.0,10.0,275,53.5
Netherlands,Europe,Male,59,169.1,87.3,26.5,9.4,42.0,10.5,8.5,265,52.0
Thailand,Asia,Female,33,165.5,63.6,23.4,8.2,37.0,6.5,3.5,235,47.0
South Korea,Asia,Male,18,186.9,76.2,24.5,9.8,39.0,7.5,6.0,255,49.0
Japan,Asia,Male,41,176.9,52.5,27.5,9.7,43.0,11.5,9.5,275,53.0
India,Asia,Female,43,162.2,56.6,24.1,9.3,38.0,7.5,4.5,240,48.0
New Zealand,Australia & Oceania,Female,16,165.6,109.6,25.4,8.4,40.0,9.5,6.5,255,50.0
Spain,Europe,Male,33,187.5,66.1,27.2,9.7,43.0,11.5,9.5,275,53.0
Japan,Asia,Male,27,170.1,69.0,26.1,10.4,41.0,9.5,7.5,260,51.0
Spain,Europe,Male,39,182.2,106.2,27.1,9.9,42.5,11.0,9.0,270,52.5
Netherlands,Europe,Female,31,162.7,61.8,25.2,9.1,40.0,9.5,6.5,255,50.0
Mexico,North America,Female,41,163.3,111.3,23.4,8.3,37.0,6.5,3.5,235,47.0
Thailand,Asia,Female,16,160.5,51.8,23.5,8.6,37.0,6.5,3.5,235,47.0
China,Asia,Male,18,189.5,58.8,25.7,10.5,40.5,9.0,7.0,255,50.5
Australia,Australia & Oceania,Female,31,157.1,77.4,25.0,8.5,39.5,9.0,6.0,250,49.5
Vietnam,Asia,Male,52,159.3,53.2,24.6,9.3,39.0,7.5,6.0,255,49.0
New Zealand,Australia & Oceania,Female,19,159.3,61.7,25.2,9.4,40.0,9.5,6.5,255,50.0
Netherlands,Europe,Female,16,161.7,76.1,25.5,9.1,40.0,9.5,6.5,255,50.0
Mexico,North America,Female,28,168.5,97.1,26.3,9.7,41.5,11.0,8.0,265,51.5
Canada,North America,Female,44,159.2,83.7,25.3,9.4,40.0,9.5,6.5,255,50.0
Japan,Asia,Female,47,154.4,40.7,23.6,9.1,37.5,7.0,4.0,235,47.5
South Africa,Africa & Middle East,Male,16,171.7,76.9,25.4,9.1,40.0,8.5,6.5,255,50.0
China,Asia,Female,37,159.4,38.0,23.1,8.3,36.5,6.0,3.0,230,46.5
China,Asia,Male,28,169.6,71.7,25.5,10.3,40.5,9.0,7.0,255,50.5
Netherlands,Europe,Male,24,181.7,109.2,25.8,8.8,40.5,9.0,7.0,255,50.5
UK,Europe,Female,34,169.0,63.2,24.9,9.0,39.5,9.0,6.0,250,49.5
France,Europe,Male,30,179.0,72.3,27.5,10.0,43.5,12.0,10.0,275,53.5
Mexico,North America,Female,39,152.3,54.5,25.5,9.3,40.5,10.0,7.0,255,50.5
Canada,North America,Male,35,177.7,88.9,27.5,9.8,43.0,11.5,9.5,275,53.0
New Zealand,Australia & Oceania,Male,36,182.2,110.0,27.3,9.8,43.0,11.5,9.5,275,53.0
China,Asia,Male,16,161.2,48.2,24.7,9.0,39.0,7.5,6.0,255,49.0
USA,North America,Female,24,155.0,90.8,25.1,9.2,39.5,9.0,6.0,250,49.5
Saudi Arabia,Africa & Middle East,Female,28,162.7,65.9,24.7,9.0,39.0,8.5,5.5,245,49.0
Mexico,North America,Female,59,161.7,58.0,26.4,9.6,41.5,11.0,8.0,265,51.5
Japan,Asia,Male,48,171.0,88.0,25.8,9.8,40.5,9.0,7.0,255,50.5
Spain,Europe,Male,34,183.5,65.7,25.8,9.5,40.5,9.0,7.0,255,50.5
Italy,Europe,Male,30,188.0,64.4,25.4,9.1,40.0,8.5,6.5,255,50.0
France,Europe,Female,37,169.7,57.1,25.4,9.0,40.0,9.5,6.5,255,50.0
Canada,North America,Male,16,180.6,85.5,27.6,10.6,43.5,12.0,10.0,275,53.5
Canada,North America,Female,35,165.8,38.6,24.7,8.4,39.0,8.5,5.5,245,49.0
Canada,North America,Female,43,161.8,79.2,27.7,9.7,43.0,13.0,10.0,275,53.5
Germany,Europe,Female,43,158.8,61.9,25.7,9.2,40.5,10.0,7.0,255,50.5
USA,North America,Female,47,156.7,52.4,25.1,9.4,39.5,9.0,6.0,250,49.5
Italy,Europe,Female,34,172.6,71.2,23.9,8.8,38.0,7.5,4.5,240,48.0
Egypt,Africa & Middle East,Male,19,171.6,60.8,27.0,9.5,42.5,11.0,9.0,270,52.5
India,Asia,Female,42,153.4,72.3,23.4,8.6,37.0,6.5,3.5,235,47.0
New Zealand,Australia & Oceania,Female,34,156.7,61.5,23.3,8.3,37.0,6.5,3.5,235,47.0
Australia,Australia & Oceania,Male,16,182.2,100.2,27.4,9.9,43.0,11.5,9.5,275,53.0
New Zealand,Australia & Oceania,Female,28,159.1,83.5,26.4,9.3,41.5,11.0,8.0,265,51.5
USA,North America,Female,21,156.7,55.6,26.6,10.2,42.0,11.5,8.5,265,52.0
India,Asia,Male,32,167.7,70.8,24.5,9.1,39.0,7.5,6.0,255,49.0
Italy,Europe,Female,33,162.4,56.4,23.7,8.8,37.5,7.0,4.0,235,47.5
Vietnam,Asia,Female,24,158.5,74.4,22.4,8.3,35.5,5.0,2.5,225,45.5
Vietnam,Asia,Female,35,152.5,39.2,23.7,8.0,37.5,7.0,4.0,235,47.5
China,Asia,Female,16,165.9,59.3,22.3,8.2,35.5,5.0,2.5,225,45.5
Kenya,Africa & Middle East,Male,25,174.8,65.4,26.4,10.3,41.5,10.0,8.0,265,51.5
Canada,North America,Female,45,169.3,77.2,24.0,9.1,38.0,7.5,4.5,240,48.0
China,Asia,Male,36,165.7,84.0,24.6,9.2,39.0,7.5,6.0,255,49.0
Saudi Arabia,Africa & Middle East,Male,16,170.8,68.5,25.5,9.2,40.0,8.5,6.5,255,50.0
China,Asia,Female,46,159.7,48.9,23.3,8.4,37.0,6.5,3.5,235,47.0
Japan,Asia,Female,32,148.7,45.7,22.3,8.4,35.5,5.0,2.5,225,45.5
Kenya,Africa & Middle East,Male,63,175.0,81.9,25.8,9.4,40.5,9.0,7.0,255,50.5
Vietnam,Asia,Male,50,154.1,67.2,24.3,9.3,39.0,7.0,6.0,255,48.5
New Zealand,Australia & Oceania,Female,19,171.5,49.6,26.5,9.1,41.5,11.0,8.0,265,51.5
South Korea,Asia,Female,39,154.3,49.0,22.8,8.4,36.0,5.5,2.5,225,46.0
France,Europe,Male,16,179.6,78.7,28.1,10.3,44.0,12.5,10.5,280,54.0
Kenya,Africa & Middle East,Female,37,166.5,80.5,25.0,9.2,39.5,9.0,6.0,250,49.5
Spain,Europe,Female,27,172.9,61.1,24.2,8.8,38.5,8.0,5.0,245,48.5
Italy,Europe,Male,21,183.1,112.7,25.7,10.1,40.5,9.0,7.0,255,50.5
Australia,Australia & Oceania,Male,44,179.2,74.1,27.4,10.5,43.0,11.5,9.5,275,53.0
Netherlands,Europe,Female,23,160.8,90.5,24.5,8.7,38.5,8.0,5.0,245,48.5
Netherlands,Europe,Female,46,157.1,63.6,24.9,8.6,39.5,9.0,6.0,250,49.5
Mexico,North America,Male,38,183.0,93.4,26.1,9.4,41.0,9.5,7.5,260,51.0
India,Asia,Female,16,170.6,38.0,23.9,9.1,38.0,7.5,4.5,240,48.0
USA,North America,Female,16,165.3,65.5,24.4,9.3,38.5,8.0,5.0,245,48.5
Australia,Australia & Oceania,Female,32,170.5,90.4,24.7,8.8,39.0,8.5,5.5,245,49.0
China,Asia,Male,23,168.9,68.6,26.2,9.8,41.5,10.0,8.0,265,51.5
Japan,Asia,Female,30,153.3,41.6,22.4,8.4,35.5,5.0,2.5,225,45.5
Netherlands,Europe,Male,31,195.3,98.4,28.3,10.0,44.5,13.0,11.0,285,54.5
Kenya,Africa & Middle East,Female,25,154.8,43.2,23.2,8.1,37.0,6.5,3.5,235,47.0
New Zealand,Australia & Oceania,Male,35,184.4,62.2,27.8,9.9,43.5,12.0,10.0,275,53.5
Mexico,North America,Female,25,171.8,51.5,24.6,8.6,39.0,8.5,5.5,245,49.0
South Korea,Asia,Female,22,159.8,66.5,22.9,8.2,36.5,6.0,3.0,230,46.5
Vietnam,Asia,Female,20,140.0,47.3,22.0,7.8,35.0,5.0,2.5,220,45.0
Italy,Europe,Male,35,188.6,78.2,24.8,8.8,39.0,7.5,6.0,255,49.0
India,Asia,Male,30,168.8,58.9,24.9,8.9,39.5,8.0,6.0,255,49.5
Italy,Europe,Female,17,165.8,63.8,24.7,8.9,39.0,8.5,5.5,245,49.0
New Zealand,Australia & Oceania,Female,25,153.1,71.4,26.3,9.2,41.5,11.0,8.0,265,51.5
Vietnam,Asia,Female,32,155.8,65.5,22.4,8.5,35.5,5.0,2.5,225,45.5
Spain,Europe,Male,52,176.1,61.7,25.4,9.9,40.0,8.5,6.5,255,50.0
Italy,Europe,Male,21,183.5,91.0,27.2,9.7,43.0,11.5,9.5,275,53.0
India,Asia,Female,19,155.1,69.2,22.4,8.3,35.5,5.0,2.5,225,45.5
China,Asia,Male,51,182.1,52.1,26.3,9.8,41.5,10.0,8.0,265,51.5
India,Asia,Male,32,164.8,38.0,25.2,9.5,40.0,8.5,6.5,255,50.0
UK,Europe,Male,44,181.0,79.4,27.0,9.7,42.5,11.0,9.0,270,52.5
Spain,Europe,Male,16,180.3,67.2,25.8,9.6,40.5,9.0,7.0,255,50.5
Germany,Europe,Male,20,171.2,88.0,25.4,9.4,40.0,8.5,6.5,255,50.0
Canada,North America,Female,46,170.1,93.6,25.2,9.0,40.0,9.5,6.5,255,50.0
South Africa,Africa & Middle East,Male,54,171.0,90.0,25.5,9.6,40.5,9.0,7.0,255,50.5
New Zealand,Australia & Oceania,Male,33,189.3,74.9,26.8,9.5,42.0,10.5,8.5,265,52.0
UK,Europe,Female,27,155.7,109.5,25.2,8.8,40.0,9.5,6.5,255,50.0
Germany,Europe,Male,47,171.3,97.4,26.0,10.3,41.0,9.5,7.5,260,51.0
Spain,Europe,Female,21,175.2,65.3,25.0,8.9,39.5,9.0,6.0,250,49.5
China,Asia,Male,35,167.8,64.1,24.2,9.4,39.0,7.0,6.0,255,48.5
Kenya,Africa & Middle East,Female,28,159.3,52.6,24.4,9.0,38.5,8.0,5.0,245,48.5
Saudi Arabia,Africa & Middle East,Male,16,179.4,75.8,26.1,10.2,41.0,9.5,7.5,260,51.0
Australia,Australia & Oceania,Female,33,158.9,73.2,25.1,8.9,39.5,9.0,6.0,250,49.5
China,Asia,Male,29,168.3,86.1,25.1,9.8,39.5,8.0,6.0,255,49.5
New Zealand,Australia & Oceania,Male,35,177.7,96.3,27.7,9.9,43.5,12.0,10.0,275,53.5
India,Asia,Female,20,157.5,68.6,24.3,9.1,38.5,8.0,5.0,245,48.5
Vietnam,Asia,Male,30,166.2,76.3,23.9,9.0,39.0,7.0,6.0,255,48.0
New Zealand,Australia & Oceania,Male,17,181.6,73.6,27.4,9.9,43.0,11.5,9.5,275,53.0
India,Asia,Male,27,168.5,53.8,24.9,9.9,39.5,8.0,6.0,255,49.5
South Africa,Africa & Middle East,Female,35,152.8,69.1,23.5,8.1,37.0,6.5,3.5,235,47.0
South Korea,Asia,Male,36,161.5,74.9,25.1,9.1,39.5,8.0,6.0,255,49.5
Japan,Asia,Female,36,156.2,71.1,21.9,7.9,35.0,5.0,2.5,220,45.0
Mexico,North America,Male,16,180.3,108.9,27.8,10.2,43.5,12.0,10.0,275,53.5
Canada,North America,Female,38,174.0,85.8,25.0,9.1,39.5,9.0,6.0,250,49.5
Thailand,Asia,Female,16,167.0,62.9,24.4,8.8,38.5,8.0,5.0,245,48.5
USA,North America,Female,42,160.5,79.2,24.0,8.6,38.0,7.5,4.5,240,48.0
France,Europe,Female,38,160.8,60.9,24.6,8.7,39.0,8.5,5.5,245,49.0
Canada,North America,Male,27,175.5,63.3,25.7,9.6,40.5,9.0,7.0,255,50.5
South Korea,Asia,Male,33,173.3,71.5,26.1,10.4,41.0,9.5,7.5,260,51.0
Mexico,North America,Female,34,159.6,60.4,27.2,9.7,43.0,12.5,9.5,275,53.0
South Korea,Asia,Male,16,165.8,58.9,25.8,9.5,40.5,9.0,7.0,255,50.5
New Zealand,Australia & Oceania,Female,47,164.1,86.6,24.2,8.8,38.5,8.0,5.0,245,48.5
New Zealand,Australia & Oceania,Male,16,178.0,79.2,26.2,8.9,41.5,10.0,8.0,265,51.5
New Zealand,Australia & Oceania,Male,27,172.9,86.2,28.4,10.3,44.5,13.0,11.0,285,54.5
Egypt,Africa & Middle East,Male,40,175.7,74.2,26.2,10.1,41.5,10.0,8.0,265,51.5
Vietnam,Asia,Female,22,158.0,54.8,24.0,9.2,38.0,7.5,4.5,240,48.0
Mexico,North America,Male,53,173.2,85.8,26.1,9.1,41.0,9.5,7.5,260,51.0
South Korea,Asia,Male,28,163.0,71.2,24.5,8.9,39.0,7.0,6.0,255,48.5
Mexico,North America,Female,31,166.1,74.5,25.4,9.1,40.0,9.5,6.5,255,50.0
China,Asia,Female,25,156.3,42.0,22.9,8.2,36.5,6.0,3.0,230,46.5
Thailand,Asia,Male,21,163.5,53.4,24.2,9.3,39.0,7.0,6.0,255,48.5
China,Asia,Female,28,154.8,68.5,24.5,9.3,39.0,8.5,5.5,245,49.0
Italy,Europe,Female,36,170.7,71.5,25.7,9.5,40.5,10.0,7.0,255,50.5
India,Asia,Male,31,168.6,62.0,23.4,8.5,39.0,7.0,6.0,255,47.0
Australia,Australia & Oceania,Female,28,161.3,68.0,26.0,8.9,41.0,10.5,7.5,260,51.0
USA,North America,Female,20,151.5,93.9,25.3,8.8,40.0,9.5,6.5,255,50.0
UK,Europe,Female,40,173.3,57.0,26.8,9.6,42.0,11.5,8.5,265,52.0
South Korea,Asia,Female,41,156.4,65.1,24.4,8.8,38.5,8.0,5.0,245,48.5
UK,Europe,Female,40,165.4,77.5,26.2,9.0,41.5,11.0,8.0,265,51.5
Japan,Asia,Female,58,154.8,38.6,22.4,7.8,35.5,5.0,2.5,225,45.5
Australia,Australia & Oceania,Male,31,184.8,92.2,28.6,10.1,45.0,13.5,11.5,285,55.0
Canada,North America,Female,33,167.2,64.4,24.7,9.1,39.0,8.5,5.5,245,49.0
Canada,North America,Male,44,183.0,82.3,28.4,10.9,44.5,13.0,11.0,285,54.5
Vietnam,Asia,Female,39,157.4,85.7,22.5,8.7,35.5,5.0,2.5,225,45.5
China,Asia,Male,30,170.3,84.4,24.0,9.5,39.0,7.0,6.0,255,48.0
Egypt,Africa & Middle East,Male,53,173.6,110.2,25.5,10.0,40.5,9.0,7.0,255,50.5
South Korea,Asia,Male,25,166.7,62.6,25.3,9.8,40.0,8.5,6.5,255,50.0
South Korea,Asia,Female,47,165.9,74.4,22.5,8.5,36.0,5.5,2.5,225,46.0
Thailand,Asia,Male,16,169.1,67.3,26.1,10.0,41.0,9.5,7.5,260,51.0
Thailand,Asia,Female,29,149.6,59.6,23.5,8.8,37.5,7.0,4.0,235,47.5
India,Asia,Female,51,165.1,53.1,22.3,8.4,35.5,5.0,2.5,225,45.5
Canada,North America,Male,39,170.3,71.3,25.5,9.5,40.0,8.5,6.5,255,50.0
China,Asia,Female,45,158.0,44.3,22.9,8.7,36.5,6.0,3.0,230,46.5
Japan,Asia,Female,27,158.6,52.0,21.9,8.2,35.0,5.0,2.5,220,45.0
India,Asia,Male,42,174.2,85.4,25.8,10.1,41.0,9.5,7.5,260,51.0
Netherlands,Europe,Female,21,161.7,48.9,25.1,9.2,39.5,9.0,6.0,250,49.5
Netherlands,Europe,Female,28,169.8,79.5,23.1,8.3,36.5,6.0,3.0,230,46.5
USA,North America,Male,36,176.8,96.6,30.3,11.2,47.5,16.0,14.0,305,57.5
Mexico,North America,Male,31,166.1,96.8,27.7,10.1,43.5,12.0,10.0,275,53.5
Japan,Asia,Female,27,162.1,56.6,22.6,8.6,36.0,5.5,2.5,225,46.0
New Zealand,Australia & Oceania,Male,44,178.6,87.0,27.8,10.6,43.5,12.0,10.0,275,53.5
USA,North America,Female,33,152.9,67.5,24.7,8.7,39.0,8.5,5.5,245,49.0
Mexico,North America,Female,29,166.6,84.8,26.6,9.1,42.0,11.5,8.5,265,52.0
Canada,North America,Male,33,165.4,106.1,27.2,10.4,43.0,11.5,9.5,275,53.0
New Zealand,Australia & Oceania,Female,49,162.0,53.5,24.0,8.4,38.0,7.5,4.5,240,48.0
Canada,North America,Female,56,172.7,92.2,25.4,9.3,40.0,9.5,6.5,255,50.0
Netherlands,Europe,Female,19,170.5,45.5,23.8,8.5,37.5,7.0,4.0,235,47.5
Japan,Asia,Female,37,156.0,66.2,23.5,8.7,37.5,7.0,4.0,235,47.5
Italy,Europe,Male,23,161.7,82.6,27.1,10.2,42.5,11.0,9.0,270,52.5
Italy,Europe,Male,34,177.3,103.3,26.9,10.1,42.5,11.0,9.0,270,52.5
Netherlands,Europe,Female,33,169.8,90.2,24.3,8.4,38.5,8.0,5.0,245,48.5
Vietnam,Asia,Female,33,160.1,69.8,23.3,8.5,37.0,6.5,3.5,235,47.0
Spain,Europe,Female,26,160.0,46.6,24.0,8.3,38.0,7.5,4.5,240,48.0
China,Asia,Male,49,170.6,68.6,24.9,9.3,39.5,8.0,6.0,255,49.5
Germany,Europe,Female,28,163.4,64.8,24.5,8.9,39.0,8.5,5.5,245,49.0
USA,North America,Female,32,161.3,81.8,24.5,9.1,39.0,8.5,5.5,245,49.0
USA,North America,Male,24,178.3,91.8,27.9,10.6,44.0,12.5,10.5,280,54.0
Germany,Europe,Female,34,156.7,89.8,25.5,8.9,40.0,9.5,6.5,255,50.0
China,Asia,Male,28,179.1,64.6,26.3,9.6,41.5,10.0,8.0,265,51.5
Mexico,North America,Female,45,166.1,79.1,24.3,8.1,38.5,8.0,5.0,245,48.5
Egypt,Africa & Middle East,Female,30,163.8,51.2,24.3,9.0,38.5,8.0,5.0,245,48.5
Germany,Europe,Female,22,163.7,57.2,24.2,8.4,38.5,8.0,5.0,245,48.5
New Zealand,Australia & Oceania,Male,30,171.9,57.5,26.7,10.0,42.0,10.5,8.5,265,52.0
South Africa,Africa & Middle East,Female,45,169.4,75.4,22.8,8.4,36.0,5.5,2.5,225,46.0
USA,North America,Male,38,179.7,84.2,26.1,9.4,41.0,9.5,7.5,260,51.0
Australia,Australia & Oceania,Male,16,185.1,108.9,27.9,10.7,44.0,12.5,10.5,280,54.0
USA,North America,Male,45,185.0,85.4,26.2,9.5,41.5,10.0,8.0,265,51.5
Canada,North America,Female,34,167.5,81.0,26.3,9.3,41.5,11.0,8.0,265,51.5
Canada,North America,Male,40,183.4,92.1,27.5,10.4,43.5,12.0,10.0,275,53.5
Netherlands,Europe,Female,50,162.5,61.6,25.0,8.7,39.5,9.0,6.0,250,49.5
Germany,Europe,Male,32,176.0,93.5,27.1,9.9,42.5,11.0,9.0,270,52.5
Mexico,North America,Female,37,164.3,77.4,26.1,9.8,41.0,10.5,7.5,260,51.0
Thailand,Asia,Female,45,162.5,54.2,23.9,8.7,38.0,7.5,4.5,240,48.0
Mexico,North America,Female,21,169.8,99.2,23.6,8.4,37.5,7.0,4.0,235,47.5
South Korea,Asia,Female,43,158.9,83.9,23.3,8.8,37.0,6.5,3.5,235,47.0
USA,North America,Male,33,189.5,81.9,26.4,10.2,41.5,10.0,8.0,265,51.5
New Zealand,Australia & Oceania,Female,38,173.9,50.9,23.9,8.6,38.0,7.5,4.5,240,48.0
UK,Europe,Male,54,186.9,74.9,28.5,10.5,45.0,13.5,11.5,285,55.0
Japan,Asia,Female,46,151.8,39.9,22.9,8.6,36.5,6.0,3.0,230,46.5
South Korea,Asia,Female,50,147.8,58.9,24.0,9.1,38.0,7.5,4.5,240,48.0
Vietnam,Asia,Female,42,150.8,65.1,23.6,8.7,37.5,7.0,4.0,235,47.5
Germany,Europe,Male,17,170.3,71.3,26.6,10.1,42.0,10.5,8.5,265,52.0
China,Asia,Female,45,157.4,58.8,23.0,8.3,36.5,6.0,3.0,230,46.5
France,Europe,Male,36,196.4,119.7,26.4,9.6,41.5,10.0,8.0,265,51.5
China,Asia,Female,16,145.2,52.4,23.6,8.6,37.5,7.0,4.0,235,47.5
UK,Europe,Female,62,154.8,93.2,24.4,8.5,38.5,8.0,5.0,245,48.5
Italy,Europe,Female,27,166.3,65.0,24.8,8.8,39.0,8.5,5.5,245,49.0
Nigeria,Africa & Middle East,Female,22,154.6,53.1,23.8,8.8,37.5,7.0,4.0,235,47.5
New Zealand,Australia & Oceania,Male,39,168.8,85.3,27.4,10.4,43.0,11.5,9.5,275,53.0
Australia,Australia & Oceania,Female,45,167.0,71.3,26.0,9.2,41.0,10.5,7.5,260,51.0
Italy,Europe,Male,36,170.7,79.2,27.1,9.7,42.5,11.0,9.0,270,52.5
Canada,North America,Female,23,151.3,57.1,25.5,9.4,40.0,9.5,6.5,255,50.0
USA,North America,Female,35,163.9,48.8,23.6,8.2,37.5,7.0,4.0,235,47.5
Japan,Asia,Male,25,177.7,80.4,25.2,9.5,40.0,8.5,6.5,255,50.0
Thailand,Asia,Female,54,161.5,45.7,23.4,8.2,37.0,6.5,3.5,235,47.0
Spain,Europe,Female,23,155.0,76.8,25.7,9.0,40.5,10.0,7.0,255,50.5
Thailand,Asia,Female,30,151.5,59.2,21.0,7.5,34.0,5.0,2.5,220,43.5
Germany,Europe,Female,42,160.6,77.6,24.0,8.7,38.0,7.5,4.5,240,48.0
Australia,Australia & Oceania,Male,25,179.7,95.9,25.9,9.5,41.0,9.5,7.5,260,51.0
South Korea,Asia,Female,23,165.3,61.3,23.8,9.1,37.5,7.0,4.0,235,47.5
Canada,North America,Male,16,184.5,77.5,28.2,10.7,44.5,13.0,11.0,285,54.5
China,Asia,Male,16,155.5,85.9,26.1,9.6,41.0,9.5,7.5,260,51.0
UK,Europe,Male,38,179.9,90.8,26.9,9.7,42.5,11.0,9.0,270,52.5
USA,North America,Male,44,181.7,71.7,27.0,10.0,42.5,11.0,9.0,270,52.5
Nigeria,Africa & Middle East,Male,39,161.5,86.3,26.4,10.0,41.5,10.0,8.0,265,51.5
Nigeria,Africa & Middle East,Female,16,163.9,69.6,24.3,8.7,38.5,8.0,5.0,245,48.5
South Korea,Asia,Male,36,185.2,96.3,25.6,9.7,40.5,9.0,7.0,255,50.5
USA,North America,Male,34,180.0,106.7,27.8,10.1,43.5,12.0,10.0,275,53.5
Mexico,North America,Female,27,155.3,76.7,25.8,9.0,40.5,10.0,7.0,255,50.5
Canada,North America,Male,35,171.5,62.8,25.9,9.4,41.0,9.5,7.5,260,51.0
Japan,Asia,Female,21,156.9,55.1,22.2,8.3,35.5,5.0,2.5,225,45.5
Netherlands,Europe,Female,28,162.6,79.3,23.9,9.0,38.0,7.5,4.5,240,48.0
Netherlands,Europe,Female,28,164.6,68.9,23.9,8.3,38.0,7.5,4.5,240,48.0
Italy,Europe,Female,20,164.9,67.2,25.1,8.8,39.5,9.0,6.0,250,49.5
Italy,Europe,Male,39,188.2,99.2,26.0,9.4,41.0,9.5,7.5,260,51.0
Canada,North America,Male,20,193.7,64.2,26.4,9.5,41.5,10.0,8.0,265,51.5
Italy,Europe,Male,29,183.9,52.1,25.8,9.2,40.5,9.0,7.0,255,50.5
New Zealand,Australia & Oceania,Female,29,161.3,55.3,25.4,8.9,40.0,9.5,6.5,255,50.0
China,Asia,Male,16,170.7,48.0,24.4,9.0,39.0,7.0,6.0,255,48.5
France,Europe,Male,39,179.7,64.1,26.7,10.0,42.0,10.5,8.5,265,52.0
Japan,Asia,Female,57,159.5,46.5,22.7,8.4,36.0,5.5,2.5,225,46.0
Canada,North America,Female,19,157.1,75.6,23.6,8.2,37.5,7.0,4.0,235,47.5
Canada,North America,Male,21,174.4,89.6,28.1,10.4,44.0,12.5,10.5,280,54.0
Italy,Europe,Male,38,174.6,94.9,27.7,10.2,43.5,12.0,10.0,275,53.5
Thailand,Asia,Male,33,174.9,89.5,26.4,10.9,41.5,10.0,8.0,265,51.5
Italy,Europe,Male,40,177.5,62.3,27.5,10.0,43.0,11.5,9.5,275,53.0
Spain,Europe,Male,35,173.2,85.8,27.0,9.7,42.5,11.0,9.0,270,52.5
Canada,North America,Female,38,168.2,72.3,25.2,9.5,40.0,9.5,6.5,255,50.0
New Zealand,Australia & Oceania,Male,33,182.7,102.0,27.0,10.3,42.5,11.0,9.0,270,52.5
Saudi Arabia,Africa & Middle East,Female,23,164.6,39.9,24.6,8.7,39.0,8.5,5.5,245,49.0
India,Asia,Male,42,153.1,64.7,24.0,9.6,39.0,7.0,6.0,255,48.0
New Zealand,Australia & Oceania,Male,37,180.9,86.2,26.2,9.7,41.5,10.0,8.0,265,51.5
UK,Europe,Female,33,159.6,58.1,25.3,9.3,40.0,9.5,6.5,255,50.0
Egypt,Africa & Middle East,Female,30,165.3,38.0,23.8,8.8,37.5,7.0,4.0,235,47.5
France,Europe,Female,30,158.8,86.1,23.5,8.2,37.5,7.0,4.0,235,47.5
Australia,Australia & Oceania,Male,26,173.1,67.8,27.3,10.4,43.0,11.5,9.5,275,53.0
USA,North America,Female,40,156.9,55.5,25.4,8.8,40.0,9.5,6.5,255,50.0
China,Asia,Male,47,163.6,74.7,25.5,9.7,40.0,8.5,6.5,255,50.0
Australia,Australia & Oceania,Female,24,172.1,57.3,24.6,8.6,39.0,8.5,5.5,245,49.0
Thailand,Asia,Male,30,173.4,71.7,25.7,9.5,40.5,9.0,7.0,255,50.5
India,Asia,Female,38,156.6,80.7,22.1,8.0,35.0,5.0,2.5,220,45.0
USA,North America,Female,33,155.2,72.8,25.4,9.2,40.0,9.5,6.5,255,50.0
Vietnam,Asia,Female,34,157.4,64.7,24.5,9.5,38.5,8.0,5.0,245,48.5
Thailand,Asia,Female,38,151.0,47.4,22.1,8.6,35.0,5.0,2.5,220,45.0
Germany,Europe,Female,16,172.1,69.7,25.5,9.0,40.5,10.0,7.0,255,50.5
Japan,Asia,Female,42,156.4,53.3,22.7,8.2,36.0,5.5,2.5,225,46.0
Italy,Europe,Female,25,168.3,38.0,23.8,8.9,37.5,7.0,4.0,235,47.5
USA,North America,Male,25,183.7,80.3,28.9,10.5,45.5,14.0,12.0,290,55.5
France,Europe,Female,16,167.0,57.7,24.9,8.2,39.5,9.0,6.0,250,49.5
China,Asia,Male,16,161.3,78.0,25.1,9.4,39.5,8.0,6.0,255,49.5
New Zealand,Australia & Oceania,Male,29,173.6,82.1,26.6,9.6,42.0,10.5,8.5,265,52.0
China,Asia,Female,34,164.0,44.8,23.2,8.8,37.0,6.5,3.5,235,47.0
France,Europe,Male,29,170.8,85.3,26.0,10.2,41.0,9.5,7.5,260,51.0
Mexico,North America,Male,29,186.5,98.2,25.6,9.2,40.5,9.0,7.0,255,50.5
France,Europe,Male,32,178.6,66.7,27.9,10.4,44.0,12.5,10.5,280,54.0
UK,Europe,Female,27,163.5,65.0,25.5,9.1,40.0,9.5,6.5,255,50.0
Canada,North America,Female,45,154.8,94.8,25.7,9.2,40.5,10.0,7.0,255,50.5
Netherlands,Europe,Male,35,179.5,88.0,28.6,10.8,45.0,13.5,11.5,285,55.0
South Africa,Africa & Middle East,Female,39,164.5,38.0,24.9,9.0,39.5,9.0,6.0,250,49.5
USA,North America,Female,16,151.5,74.4,25.1,8.7,39.5,9.0,6.0,250,49.5
Italy,Europe,Male,39,184.0,104.4,27.9,10.3,44.0,12.5,10.5,280,54.0
India,Asia,Female,20,151.4,67.4,23.4,8.4,37.0,6.5,3.5,235,47.0
France,Europe,Female,44,172.8,54.9,25.0,8.7,39.5,9.0,6.0,250,49.5
Netherlands,Europe,Female,22,168.3,63.8,23.3,8.7,37.0,6.5,3.5,235,47.0
Netherlands,Europe,Male,26,186.4,71.9,26.0,9.6,41.0,9.5,7.5,260,51.0
China,Asia,Female,20,148.6,51.5,23.0,8.0,36.5,6.0,3.0,230,46.5
Germany,Europe,Male,16,169.7,103.7,26.6,10.1,42.0,10.5,8.5,265,52.0
India,Asia,Male,40,186.7,83.1,24.7,9.0,39.0,7.5,6.0,255,49.0
Canada,North America,Female,50,167.8,73.0,25.1,8.7,39.5,9.0,6.0,250,49.5
China,Asia,Male,40,170.0,73.6,23.5,8.8,39.0,7.0,6.0,255,47.5
New Zealand,Australia & Oceania,Female,16,159.0,91.6,25.4,9.2,40.0,9.5,6.5,255,50.0
Mexico,North America,Male,28,172.5,74.9,28.2,10.0,44.5,13.0,11.0,285,54.5
Italy,Europe,Male,56,176.9,62.4,27.1,9.7,42.5,11.0,9.0,270,52.5
Mexico,North America,Male,32,177.1,94.2,25.4,9.1,40.0,8.5,6.5,255,50.0
Netherlands,Europe,Female,27,180.7,64.3,27.0,9.3,42.5,12.0,9.0,270,52.5
Italy,Europe,Male,36,179.4,77.8,27.8,10.1,44.0,12.5,10.5,280,54.0
USA,North America,Female,29,147.9,79.5,24.8,8.9,39.0,8.5,5.5,245,49.0
Netherlands,Europe,Female,22,172.1,64.3,26.4,9.1,41.5,11.0,8.0,265,51.5
USA,North America,Male,37,190.0,85.9,27.4,10.6,43.0,11.5,9.5,275,53.0
China,Asia,Male,33,169.0,63.6,27.2,10.4,43.0,11.5,9.5,275,53.0
Canada,North America,Male,29,177.9,81.8,27.7,10.1,43.5,12.0,10.0,275,53.5
Thailand,Asia,Female,29,147.6,46.7,23.7,9.1,37.5,7.0,4.0,235,47.5
Mexico,North America,Male,26,190.2,70.2,25.9,9.5,41.0,9.5,7.5,260,51.0
Canada,North America,Male,27,171.3,64.6,27.4,10.4,43.0,11.5,9.5,275,53.0
Spain,Europe,Male,38,165.7,60.2,29.2,10.3,46.0,14.5,12.5,295,56.0
Australia,Australia & Oceania,Female,31,172.8,73.9,25.1,9.6,39.5,9.0,6.0,250,49.5
France,Europe,Female,35,169.4,62.7,24.8,8.9,39.0,8.5,5.5,245,49.0
Canada,North America,Male,31,181.4,73.4,27.4,10.0,43.0,11.5,9.5,275,53.0
